;id_trestného činu ;rok;pocet
2;T11TC;2007;10036
3;T11TC;2007;8428
4;T11TC;2007;594240
5;T11TC;2007;
6;T11TC;2007;989742
7;T11TC;2007;
8;T11TC;2007;134685
9;T11TC;2007;75857
10;T11TC;2007;7557
11;T11TC;2007;357391
12;T11TC;2007;445271
13;T11TC;2007;50375
14;T11TC;2007;435824
15;T11TC;2007;3696459
16;T11TC;2007;60519
17;T11TC;2007;6284661
18;T11TC;2007;423442
19;T11TC;2007;426914
20;T11TC;2007;13038
21;T11TC;2007;
22;T11TC;2007;2933146
24;T11TC;2007;
25;T11TC;2007;73741
26;T11TC;2007;
27;T11TC;2007;15005
28;T11TC;2007;
29;T11TC;2007;
30;T11TC;2007;1303835
31;T11TC;2007;313310
32;T11TC;2007;1152993
33;T11TC;2007;400222
34;T11TC;2007;
35;T11TC;2007;3582541
36;T11TC;2007;170596
37;T11TC;2007;110802
38;T11TC;2007;88197
39;T11TC;2007;902058
40;T11TC;2007;1306324
41;T11TC;2007;
43;T11TC;2007;
44;T11TC;2007;401293
;;;
2;T11TC;2008;13651
3;T11TC;2008;9271
4;T11TC;2008;572695
5;T11TC;2008;
6;T11TC;2008;991064
7;T11TC;2008;
8;T11TC;2008;126673
9;T11TC;2008;74571
10;T11TC;2008;7328
11;T11TC;2008;343799
12;T11TC;2008;476953
13;T11TC;2008;50977
14;T11TC;2008;440711
15;T11TC;2008;3664245
16;T11TC;2008;44644
17;T11TC;2008;6114128
18;T11TC;2008;420059
19;T11TC;2008;408407
20;T11TC;2008;14578
21;T11TC;2008;
22;T11TC;2008;2709888
24;T11TC;2008;
25;T11TC;2008;78060
26;T11TC;2008;
27;T11TC;2008;13803
28;T11TC;2008;
29;T11TC;2008;
30;T11TC;2008;1277775
31;T11TC;2008;304168
32;T11TC;2008;1082057
33;T11TC;2008;431918
34;T11TC;2008;
35;T11TC;2008;3209862
36;T11TC;2008;173196
37;T11TC;2008;104759
38;T11TC;2008;81917
39;T11TC;2008;941144
40;T11TC;2008;1377854
41;T11TC;2008;
43;T11TC;2008;
44;T11TC;2008;384424
2;T11TC;2009;13100
3;T11TC;2009;14339
4;T11TC;2009;591597
5;T11TC;2009;
6;T11TC;2009;1008327
7;T11TC;2009;
8;T11TC;2009;138105
9;T11TC;2009;73497
10;T11TC;2009;7094
11;T11TC;2009;332829
12;T11TC;2009;491792
13;T11TC;2009;48359
14;T11TC;2009;441416
15;T11TC;2009;3633095
16;T11TC;2009;35949
17;T11TC;2009;6054330
18;T11TC;2009;386893
19;T11TC;2009;394034
20;T11TC;2009;15966
21;T11TC;2009;
22;T11TC;2009;2629831
24;T11TC;2009;
25;T11TC;2009;83203
26;T11TC;2009;
27;T11TC;2009;11953
28;T11TC;2009;
29;T11TC;2009;
30;T11TC;2009;1254480
31;T11TC;2009;314477
32;T11TC;2009;1129577
33;T11TC;2009;427687
34;T11TC;2009;
35;T11TC;2009;2994820
36;T11TC;2009;168091
37;T11TC;2009;104905
38;T11TC;2009;87463
39;T11TC;2009;896561
40;T11TC;2009;1405626
41;T11TC;2009;676309
43;T11TC;2009;
44;T11TC;2009;434678
2;T11TC;2010;15249
3;T11TC;2010;15477
4;T11TC;2010;535745
5;T11TC;2010;
6;T11TC;2010;1010122
7;T11TC;2010;
8;T11TC;2010;147025
9;T11TC;2010;73328
10;T11TC;2010;8387
11;T11TC;2010;313387
12;T11TC;2010;471088
13;T11TC;2010;48340
14;T11TC;2010;431623
15;T11TC;2010;3559930
16;T11TC;2010;34739
17;T11TC;2010;5933278
18;T11TC;2010;333988
19;T11TC;2010;447186
20;T11TC;2010;14911
21;T11TC;2010;
22;T11TC;2010;2621019
24;T11TC;2010;
25;T11TC;2010;77669
26;T11TC;2010;
27;T11TC;2010;13296
28;T11TC;2010;
29;T11TC;2010;
30;T11TC;2010;1194030
31;T11TC;2010;305014
32;T11TC;2010;1151157
33;T11TC;2010;424150
34;T11TC;2010;
35;T11TC;2010;2628799
36;T11TC;2010;163534
37;T11TC;2010;95252
38;T11TC;2010;89489
39;T11TC;2010;871143
40;T11TC;2010;1370399
41;T11TC;2010;656858
43;T11TC;2010;
44;T11TC;2010;500902
2;T11TC;2011;17646
3;T11TC;2011;16572
4;T11TC;2011;540007
5;T11TC;2011;
6;T11TC;2011;1041625
7;T11TC;2011;
8;T11TC;2011;128602
9;T11TC;2011;75620
10;T11TC;2011;8426
11;T11TC;2011;317177
12;T11TC;2011;466765
13;T11TC;2011;42567
14;T11TC;2011;458251
15;T11TC;2011;3549714
16;T11TC;2011;32261
17;T11TC;2011;5990679
18;T11TC;2011;194031
19;T11TC;2011;451371
20;T11TC;2011;12639
21;T11TC;2011;
22;T11TC;2011;
24;T11TC;2011;
25;T11TC;2011;79523
26;T11TC;2011;
27;T11TC;2011;14244
28;T11TC;2011;
29;T11TC;2011;
30;T11TC;2011;1194055
31;T11TC;2011;295172
32;T11TC;2011;1159268
33;T11TC;2011;415193
34;T11TC;2011;
35;T11TC;2011;2404807
36;T11TC;2011;164355
37;T11TC;2011;92873
38;T11TC;2011;88722
39;T11TC;2011;1117293
40;T11TC;2011;1416280
41;T11TC;2011;692954
43;T11TC;2011;
44;T11TC;2011;515833
2;T11TT;2007;
3;T11TT;2007;408
4;T11TT;2007;34767
5;T11TT;2007;
6;T11TT;2007;
7;T11TT;2007;
8;T11TT;2007;18788
9;T11TT;2007;2538
10;T11TT;2007;180355
11;T11TT;2007;10079
12;T11TT;2007;
13;T11TT;2007;5122
14;T11TT;2007;64975
15;T11TT;2007;
16;T11TT;2007;2747
17;T11TT;2007;
18;T11TT;2007;180609
19;T11TT;2007;23006
20;T11TT;2007;
21;T11TT;2007;63513
22;T11TT;2007;1706
24;T11TT;2007;
25;T11TT;2007;3441
26;T11TT;2007;
27;T11TT;2007;
28;T11TT;2007;
29;T11TT;2007;
30;T11TT;2007;168965
31;T11TT;2007;46903
32;T11TT;2007;168359
33;T11TT;2007;45746
34;T11TT;2007;
35;T11TT;2007;233809
36;T11TT;2007;20072
37;T11TT;2007;2888
38;T11TT;2007;
39;T11TT;2007;20365
40;T11TT;2007;80243
41;T11TT;2007;
43;T11TT;2007;
44;T11TT;2007;21489
2;T11TT;2008;467
3;T11TT;2008;374
4;T11TT;2008;34377
5;T11TT;2008;
6;T11TT;2008;
7;T11TT;2008;
8;T11TT;2008;19383
9;T11TT;2008;2358
10;T11TT;2008;229535
11;T11TT;2008;10657
12;T11TT;2008;
13;T11TT;2008;4353
14;T11TT;2008;60667
15;T11TT;2008;
16;T11TT;2008;3072
17;T11TT;2008;
18;T11TT;2008;156972
19;T11TT;2008;19450
20;T11TT;2008;
21;T11TT;2008;63690
22;T11TT;2008;1509
24;T11TT;2008;
25;T11TT;2008;2449
26;T11TT;2008;
27;T11TT;2008;
28;T11TT;2008;
29;T11TT;2008;
30;T11TT;2008;163680
31;T11TT;2008;45081
32;T11TT;2008;167984
33;T11TT;2008;43231
34;T11TT;2008;
35;T11TT;2008;218322
36;T11TT;2008;18867
37;T11TT;2008;2900
38;T11TT;2008;
39;T11TT;2008;44208
40;T11TT;2008;82380
41;T11TT;2008;
43;T11TT;2008;
44;T11TT;2008;18387
2;T11TT;2009;520
3;T11TT;2009;791
4;T11TT;2009;33677
5;T11TT;2009;
6;T11TT;2009;
7;T11TT;2009;
8;T11TT;2009;19997
9;T11TT;2009;2186
10;T11TT;2009;183985
11;T11TT;2009;8809
12;T11TT;2009;
13;T11TT;2009;3242
14;T11TT;2009;56192
15;T11TT;2009;
16;T11TT;2009;2453
17;T11TT;2009;
18;T11TT;2009;133914
19;T11TT;2009;17664
20;T11TT;2009;
21;T11TT;2009;52213
22;T11TT;2009;1314
24;T11TT;2009;
25;T11TT;2009;1698
26;T11TT;2009;
27;T11TT;2009;
28;T11TT;2009;
29;T11TT;2009;
30;T11TT;2009;156175
31;T11TT;2009;41688
32;T11TT;2009;168148
33;T11TT;2009;41272
34;T11TT;2009;
35;T11TT;2009;203618
36;T11TT;2009;21795
37;T11TT;2009;2292
38;T11TT;2009;
39;T11TT;2009;52171
40;T11TT;2009;77612
41;T11TT;2009;
43;T11TT;2009;
44;T11TT;2009;14927
2;T11TT;2010;961
3;T11TT;2010;883
4;T11TT;2010;34358
5;T11TT;2010;
6;T11TT;2010;
7;T11TT;2010;
8;T11TT;2010;17135
9;T11TT;2010;1809
10;T11TT;2010;217325
11;T11TT;2010;6717
12;T11TT;2010;
13;T11TT;2010;3454
14;T11TT;2010;52923
15;T11TT;2010;
16;T11TT;2010;2607
17;T11TT;2010;
18;T11TT;2010;92955
19;T11TT;2010;16447
20;T11TT;2010;
21;T11TT;2010;47341
22;T11TT;2010;1327
24;T11TT;2010;
25;T11TT;2010;1543
26;T11TT;2010;
27;T11TT;2010;
28;T11TT;2010;
29;T11TT;2010;
30;T11TT;2010;154110
31;T11TT;2010;40593
32;T11TT;2010;156744
33;T11TT;2010;43278
34;T11TT;2010;
35;T11TT;2010;199431
36;T11TT;2010;20178
37;T11TT;2010;1991
38;T11TT;2010;
39;T11TT;2010;48491
40;T11TT;2010;77149
41;T11TT;2010;
43;T11TT;2010;
44;T11TT;2010;12902
2;T11TT;2011;1933
3;T11TT;2011;953
4;T11TT;2011;35581
5;T11TT;2011;
6;T11TT;2011;
7;T11TT;2011;
8;T11TT;2011;15081
9;T11TT;2011;1751
10;T11TT;2011;246085
11;T11TT;2011;6695
12;T11TT;2011;
13;T11TT;2011;3813
14;T11TT;2011;53575
15;T11TT;2011;
16;T11TT;2011;2752
17;T11TT;2011;
18;T11TT;2011;4398
19;T11TT;2011;14001
20;T11TT;2011;
21;T11TT;2011;
22;T11TT;2011;
24;T11TT;2011;
25;T11TT;2011;1407
26;T11TT;2011;
27;T11TT;2011;
28;T11TT;2011;
29;T11TT;2011;
30;T11TT;2011;151990
31;T11TT;2011;37351
32;T11TT;2011;164551
33;T11TT;2011;42454
34;T11TT;2011;
35;T11TT;2011;199868
36;T11TT;2011;20976
37;T11TT;2011;1829
38;T11TT;2011;
39;T11TT;2011;67374
40;T11TT;2011;77431
41;T11TT;2011;
43;T11TT;2011;
44;T11TT;2011;13831
2;T11HO;2007;362
3;T11HO;2007;99
4;T11HO;2007;124
5;T11HO;2007;
6;T11HO;2007;912
7;T11HO;2007;
8;T11HO;2007;252
9;T11HO;2007;225
10;T11HO;2007;22
11;T11HO;2007;196
12;T11HO;2007;242
13;T11HO;2007;110
14;T11HO;2007;534
15;T11HO;2007;2261
16;T11HO;2007;741
17;T11HO;2007;2471
18;T11HO;2007;236
19;T11HO;2007;296
20;T11HO;2007;5
21;T11HO;2007;78
22;T11HO;2007;2294
24;T11HO;2007;
25;T11HO;2007;280
26;T11HO;2007;
27;T11HO;2007;10
28;T11HO;2007;
29;T11HO;2007;
30;T11HO;2007;1600
31;T11HO;2007;106
32;T11HO;2007;1059
33;T11HO;2007;
34;T11HO;2007;
35;T11HO;2007;2222
36;T11HO;2007;605
37;T11HO;2007;89
38;T11HO;2007;47
39;T11HO;2007;1015
40;T11HO;2007;
41;T11HO;2007;
43;T11HO;2007;1542
44;T11HO;2007;2906
2;T11HO;2008;328
3;T11HO;2008;108
4;T11HO;2008;118
5;T11HO;2008;
6;T11HO;2008;884
7;T11HO;2008;
8;T11HO;2008;232
9;T11HO;2008;216
10;T11HO;2008;22
11;T11HO;2008;201
12;T11HO;2008;254
13;T11HO;2008;104
14;T11HO;2008;523
15;T11HO;2008;2308
16;T11HO;2008;653
17;T11HO;2008;2371
18;T11HO;2008;250
19;T11HO;2008;292
20;T11HO;2008;3
21;T11HO;2008;50
22;T11HO;2008;2303
24;T11HO;2008;
25;T11HO;2008;301
26;T11HO;2008;
27;T11HO;2008;11
28;T11HO;2008;
29;T11HO;2008;
30;T11HO;2008;1650
31;T11HO;2008;127
32;T11HO;2008;973
33;T11HO;2008;
34;T11HO;2008;
35;T11HO;2008;2000
36;T11HO;2008;606
37;T11HO;2008;94
38;T11HO;2008;30
39;T11HO;2008;1045
40;T11HO;2008;
41;T11HO;2008;
43;T11HO;2008;1379
44;T11HO;2008;2707
2;T11HO;2009;313
3;T11HO;2009;97
4;T11HO;2009;153
5;T11HO;2009;
6;T11HO;2009;931
7;T11HO;2009;
8;T11HO;2009;219
9;T11HO;2009;206
10;T11HO;2009;38
11;T11HO;2009;180
12;T11HO;2009;270
13;T11HO;2009;95
14;T11HO;2009;504
15;T11HO;2009;1991
16;T11HO;2009;494
17;T11HO;2009;2370
18;T11HO;2009;252
19;T11HO;2009;275
20;T11HO;2009;5
21;T11HO;2009;56
22;T11HO;2009;1995
24;T11HO;2009;
25;T11HO;2009;259
26;T11HO;2009;
27;T11HO;2009;10
28;T11HO;2009;
29;T11HO;2009;
30;T11HO;2009;3195
31;T11HO;2009;108
32;T11HO;2009;972
33;T11HO;2009;
34;T11HO;2009;
35;T11HO;2009;1768
36;T11HO;2009;612
37;T11HO;2009;84
38;T11HO;2009;52
39;T11HO;2009;955
40;T11HO;2009;
41;T11HO;2009;236
43;T11HO;2009;
44;T11HO;2009;2478
;;;
2;T11HO;2010;334
3;T11HO;2010;68
4;T11HO;2010;173
5;T11HO;2010;
6;T11HO;2010;943
7;T11HO;2010;
8;T11HO;2010;211
9;T11HO;2010;188
10;T11HO;2010;18
11;T11HO;2010;173
12;T11HO;2010;205
13;T11HO;2010;84
14;T11HO;2010;442
15;T11HO;2010;2093
16;T11HO;2010;418
17;T11HO;2010;2316
18;T11HO;2010;250
19;T11HO;2010;276
20;T11HO;2010;6
21;T11HO;2010;53
22;T11HO;2010;1888
24;T11HO;2010;
25;T11HO;2010;217
26;T11HO;2010;
27;T11HO;2010;8
28;T11HO;2010;
29;T11HO;2010;
30;T11HO;2010;3980
31;T11HO;2010;107
32;T11HO;2010;893
33;T11HO;2010;
34;T11HO;2010;
35;T11HO;2010;1556
36;T11HO;2010;585
37;T11HO;2010;89
38;T11HO;2010;41
39;T11HO;2010;908
40;T11HO;2010;
41;T11HO;2010;242
43;T11HO;2010;1563
44;T11HO;2010;2356
;;;
2;T11HO;2011;338
3;T11HO;2011;89
4;T11HO;2011;185
5;T11HO;2011;
6;T11HO;2011;1058
7;T11HO;2011;
8;T11HO;2011;189
9;T11HO;2011;179
10;T11HO;2011;21
11;T11HO;2011;172
12;T11HO;2011;203
13;T11HO;2011;100
14;T11HO;2011;440
15;T11HO;2011;2288
16;T11HO;2011;399
17;T11HO;2011;2249
18;T11HO;2011;219
19;T11HO;2011;275
20;T11HO;2011;6
21;T11HO;2011;42
22;T11HO;2011;
24;T11HO;2011;
25;T11HO;2011;212
26;T11HO;2011;
27;T11HO;2011;9
28;T11HO;2011;
29;T11HO;2011;
30;T11HO;2011;4105
31;T11HO;2011;179
32;T11HO;2011;833
33;T11HO;2011;
34;T11HO;2011;
35;T11HO;2011;1430
36;T11HO;2011;559
37;T11HO;2011;96
38;T11HO;2011;51
39;T11HO;2011;1210
40;T11HO;2011;
41;T11HO;2011;230
43;T11HO;2011;1484
44;T11HO;2011;2506
;;;
2;THOFA;2007;
3;THOFA;2007;
4;THOFA;2007;16
5;THOFA;2007;
6;THOFA;2007;81
7;THOFA;2007;
8;THOFA;2007;
9;THOFA;2007;61
10;THOFA;2007;
11;THOFA;2007;
12;THOFA;2007;
13;THOFA;2007;
14;THOFA;2007;
15;THOFA;2007;
16;THOFA;2007;
17;THOFA;2007;164
18;THOFA;2007;
19;THOFA;2007;21
20;THOFA;2007;
21;THOFA;2007;18
22;THOFA;2007;
24;THOFA;2007;
25;THOFA;2007;8
26;THOFA;2007;
27;THOFA;2007;6
28;THOFA;2007;
29;THOFA;2007;
30;THOFA;2007;
31;THOFA;2007;
32;THOFA;2007;54
33;THOFA;2007;
34;THOFA;2007;
35;THOFA;2007;
36;THOFA;2007;130
37;THOFA;2007;18
38;THOFA;2007;
39;THOFA;2007;165
40;THOFA;2007;
41;THOFA;2007;
43;THOFA;2007;
44;THOFA;2007;
;;;
2;THOFA;2008;
3;THOFA;2008;
4;THOFA;2008;9
5;THOFA;2008;
6;THOFA;2008;58
7;THOFA;2008;
8;THOFA;2008;
9;THOFA;2008;54
10;THOFA;2008;
11;THOFA;2008;
12;THOFA;2008;
13;THOFA;2008;
14;THOFA;2008;
15;THOFA;2008;
16;THOFA;2008;
17;THOFA;2008;162
18;THOFA;2008;
19;THOFA;2008;16
20;THOFA;2008;
21;THOFA;2008;21
22;THOFA;2008;
24;THOFA;2008;
25;THOFA;2008;7
26;THOFA;2008;
27;THOFA;2008;6
28;THOFA;2008;
29;THOFA;2008;
30;THOFA;2008;
31;THOFA;2008;
32;THOFA;2008;32
33;THOFA;2008;
34;THOFA;2008;
35;THOFA;2008;
36;THOFA;2008;130
37;THOFA;2008;18
38;THOFA;2008;
39;THOFA;2008;201
40;THOFA;2008;
41;THOFA;2008;
43;THOFA;2008;
44;THOFA;2008;
;;;
2;THOFA;2009;
3;THOFA;2009;
4;THOFA;2009;16
5;THOFA;2009;
6;THOFA;2009;67
7;THOFA;2009;
8;THOFA;2009;
9;THOFA;2009;50
10;THOFA;2009;
11;THOFA;2009;
12;THOFA;2009;
13;THOFA;2009;
14;THOFA;2009;
15;THOFA;2009;
16;THOFA;2009;
17;THOFA;2009;175
18;THOFA;2009;
19;THOFA;2009;12
20;THOFA;2009;
21;THOFA;2009;24
22;THOFA;2009;
24;THOFA;2009;
25;THOFA;2009;7
26;THOFA;2009;
27;THOFA;2009;4
28;THOFA;2009;
29;THOFA;2009;
30;THOFA;2009;
31;THOFA;2009;
32;THOFA;2009;35
33;THOFA;2009;
34;THOFA;2009;
35;THOFA;2009;
36;THOFA;2009;119
37;THOFA;2009;16
38;THOFA;2009;
39;THOFA;2009;189
40;THOFA;2009;
41;THOFA;2009;
43;THOFA;2009;
44;THOFA;2009;
;;;
2;THOFA;2010;
3;THOFA;2010;
4;THOFA;2010;20
5;THOFA;2010;
6;THOFA;2010;107
7;THOFA;2010;
8;THOFA;2010;
9;THOFA;2010;50
10;THOFA;2010;4
11;THOFA;2010;
12;THOFA;2010;
13;THOFA;2010;
14;THOFA;2010;
15;THOFA;2010;
16;THOFA;2010;
17;THOFA;2010;145
18;THOFA;2010;
19;THOFA;2010;28
20;THOFA;2010;
21;THOFA;2010;22
22;THOFA;2010;
24;THOFA;2010;
25;THOFA;2010;9
26;THOFA;2010;
27;THOFA;2010;2
28;THOFA;2010;
29;THOFA;2010;
30;THOFA;2010;
31;THOFA;2010;
32;THOFA;2010;30
33;THOFA;2010;
34;THOFA;2010;
35;THOFA;2010;
36;THOFA;2010;86
37;THOFA;2010;17
38;THOFA;2010;
39;THOFA;2010;138
40;THOFA;2010;
41;THOFA;2010;
43;THOFA;2010;
44;THOFA;2010;
;;;
2;THOFA;2011;
3;THOFA;2011;
4;THOFA;2011;21
5;THOFA;2011;
6;THOFA;2011;95
7;THOFA;2011;
8;THOFA;2011;
9;THOFA;2011;43
10;THOFA;2011;6
11;THOFA;2011;
12;THOFA;2011;
13;THOFA;2011;
14;THOFA;2011;
15;THOFA;2011;
16;THOFA;2011;
17;THOFA;2011;132
18;THOFA;2011;
19;THOFA;2011;19
20;THOFA;2011;
21;THOFA;2011;14
22;THOFA;2011;
24;THOFA;2011;
25;THOFA;2011;1
26;THOFA;2011;
27;THOFA;2011;1
28;THOFA;2011;
29;THOFA;2011;
30;THOFA;2011;
31;THOFA;2011;
32;THOFA;2011;20
33;THOFA;2011;
34;THOFA;2011;
35;THOFA;2011;
36;THOFA;2011;64
37;THOFA;2011;14
38;THOFA;2011;
39;THOFA;2011;172
40;THOFA;2011;
41;THOFA;2011;
43;THOFA;2011;
44;THOFA;2011;
;;;
2;T11AS;2007;181
3;T11AS;2007;521
4;T11AS;2007;39302
5;T11AS;2007;
6;T11AS;2007;74285
7;T11AS;2007;
8;T11AS;2007;3014
9;T11AS;2007;1923
10;T11AS;2007;142
11;T11AS;2007;6175
12;T11AS;2007;13770
13;T11AS;2007;4806
14;T11AS;2007;34634
15;T11AS;2007;225322
16;T11AS;2007;157
17;T11AS;2007;527861
18;T11AS;2007;20501
19;T11AS;2007;11454
20;T11AS;2007;345
21;T11AS;2007;15199
22;T11AS;2007;63602
24;T11AS;2007;
25;T11AS;2007;4138
26;T11AS;2007;
27;T11AS;2007;1254
28;T11AS;2007;
29;T11AS;2007;
30;T11AS;2007;71570
31;T11AS;2007;15887
32;T11AS;2007;55903
33;T11AS;2007;56585
34;T11AS;2007;
35;T11AS;2007;47348
36;T11AS;2007;6605
37;T11AS;2007;2971
38;T11AS;2007;2482
39;T11AS;2007;16105
40;T11AS;2007;82262
41;T11AS;2007;
43;T11AS;2007;
44;T11AS;2007;17035
;;;
2;T11AS;2008;891
3;T11AS;2008;505
4;T11AS;2008;40477
5;T11AS;2008;
6;T11AS;2008;76288
7;T11AS;2008;
8;T11AS;2008;1770
9;T11AS;2008;2043
10;T11AS;2008;167
11;T11AS;2008;5397
12;T11AS;2008;13170
13;T11AS;2008;5391
14;T11AS;2008;34803
15;T11AS;2008;239993
16;T11AS;2008;200
17;T11AS;2008;523066
18;T11AS;2008;20257
19;T11AS;2008;13048
20;T11AS;2008;332
21;T11AS;2008;16223
22;T11AS;2008;65791
24;T11AS;2008;
25;T11AS;2008;3917
26;T11AS;2008;
27;T11AS;2008;196
28;T11AS;2008;
29;T11AS;2008;
30;T11AS;2008;69005
31;T11AS;2008;15536
32;T11AS;2008;53913
33;T11AS;2008;60043
34;T11AS;2008;
35;T11AS;2008;45436
36;T11AS;2008;7057
37;T11AS;2008;2704
38;T11AS;2008;2135
39;T11AS;2008;15974
40;T11AS;2008;84566
41;T11AS;2008;
43;T11AS;2008;12336
44;T11AS;2008;15906
;;;
2;T11AS;2009;1060
3;T11AS;2009;1436
4;T11AS;2009;41262
5;T11AS;2009;
6;T11AS;2009;77624
7;T11AS;2009;
8;T11AS;2009;1694
9;T11AS;2009;1947
10;T11AS;2009;219
11;T11AS;2009;4756
12;T11AS;2009;12546
13;T11AS;2009;4687
14;T11AS;2009;32895
15;T11AS;2009;247712
16;T11AS;2009;134
17;T11AS;2009;523687
18;T11AS;2009;20024
19;T11AS;2009;12828
20;T11AS;2009;335
21;T11AS;2009;15516
22;T11AS;2009;65611
24;T11AS;2009;
25;T11AS;2009;3532
26;T11AS;2009;
27;T11AS;2009;173
28;T11AS;2009;
29;T11AS;2009;
30;T11AS;2009;65690
31;T11AS;2009;14687
32;T11AS;2009;53221
33;T11AS;2009;62063
34;T11AS;2009;
35;T11AS;2009;43112
36;T11AS;2009;7172
37;T11AS;2009;2622
38;T11AS;2009;2177
39;T11AS;2009;15367
40;T11AS;2009;86281
41;T11AS;2009;10311
43;T11AS;2009;
44;T11AS;2009;14536
;;;
2;T11AS;2010;1350
3;T11AS;2010;1353
4;T11AS;2010;38256
5;T11AS;2010;
6;T11AS;2010;77598
7;T11AS;2010;
8;T11AS;2010;1678
9;T11AS;2010;1811
10;T11AS;2010;173
11;T11AS;2010;4786
12;T11AS;2010;12662
13;T11AS;2010;4484
14;T11AS;2010;33082
15;T11AS;2010;249096
16;T11AS;2010;126
17;T11AS;2010;520859
18;T11AS;2010;19851
19;T11AS;2010;14607
20;T11AS;2010;257
21;T11AS;2010;14812
22;T11AS;2010;64866
24;T11AS;2010;
25;T11AS;2010;3487
26;T11AS;2010;
27;T11AS;2010;180
28;T11AS;2010;
29;T11AS;2010;
30;T11AS;2010;60295
31;T11AS;2010;14326
32;T11AS;2010;51135
33;T11AS;2010;62387
34;T11AS;2010;
35;T11AS;2010;39745
36;T11AS;2010;7136
37;T11AS;2010;2428
38;T11AS;2010;2182
39;T11AS;2010;15073
40;T11AS;2010;87854
41;T11AS;2010;9825
43;T11AS;2010;26610
44;T11AS;2010;13473
;;;
2;T11AS;2011;1456
3;T11AS;2011;1359
4;T11AS;2011;40385
5;T11AS;2011;
6;T11AS;2011;78420
7;T11AS;2011;
8;T11AS;2011;1463
9;T11AS;2011;1646
10;T11AS;2011;164
11;T11AS;2011;5264
12;T11AS;2011;12443
13;T11AS;2011;4959
14;T11AS;2011;40171
15;T11AS;2011;249333
16;T11AS;2011;94
17;T11AS;2011;518226
18;T11AS;2011;15754
19;T11AS;2011;14241
20;T11AS;2011;271
21;T11AS;2011;14489
22;T11AS;2011;
24;T11AS;2011;
25;T11AS;2011;4107
26;T11AS;2011;
27;T11AS;2011;181
28;T11AS;2011;
29;T11AS;2011;
30;T11AS;2011;59390
31;T11AS;2011;14582
32;T11AS;2011;52505
33;T11AS;2011;59567
34;T11AS;2011;
35;T11AS;2011;38512
36;T11AS;2011;6720
37;T11AS;2011;2231
38;T11AS;2011;1974
39;T11AS;2011;18322
40;T11AS;2011;89457
41;T11AS;2011;9520
43;T11AS;2011;19634
44;T11AS;2011;13077
;;;
2;T11AA;2007;181
3;T11AA;2007;185
4;T11AA;2007;3878
5;T11AA;2007;
6;T11AA;2007;2986
7;T11AA;2007;
8;T11AA;2007;68
9;T11AA;2007;995
10;T11AA;2007;111
11;T11AA;2007;
12;T11AA;2007;1709
13;T11AA;2007;145
14;T11AA;2007;2385
15;T11AA;2007;
16;T11AA;2007;21
17;T11AA;2007;154849
18;T11AA;2007;
19;T11AA;2007;6796
20;T11AA;2007;50
21;T11AA;2007;3914
22;T11AA;2007;
24;T11AA;2007;
25;T11AA;2007;250
26;T11AA;2007;
27;T11AA;2007;
28;T11AA;2007;
29;T11AA;2007;
30;T11AA;2007;
31;T11AA;2007;15
32;T11AA;2007;1254
33;T11AA;2007;665
34;T11AA;2007;
35;T11AA;2007;
36;T11AA;2007;2095
37;T11AA;2007;
38;T11AA;2007;279
39;T11AA;2007;
40;T11AA;2007;
41;T11AA;2007;
43;T11AA;2007;
44;T11AA;2007;5486
;;;
2;T11AA;2008;264
3;T11AA;2008;215
4;T11AA;2008;3945
5;T11AA;2008;
6;T11AA;2008;3234
7;T11AA;2008;
8;T11AA;2008;74
9;T11AA;2008;1003
10;T11AA;2008;130
11;T11AA;2008;
12;T11AA;2008;1663
13;T11AA;2008;140
14;T11AA;2008;2256
15;T11AA;2008;
16;T11AA;2008;27
17;T11AA;2008;151208
18;T11AA;2008;
19;T11AA;2008;7631
20;T11AA;2008;77
21;T11AA;2008;3850
22;T11AA;2008;
24;T11AA;2008;
25;T11AA;2008;229
26;T11AA;2008;
27;T11AA;2008;
28;T11AA;2008;
29;T11AA;2008;
30;T11AA;2008;
31;T11AA;2008;20
32;T11AA;2008;1162
33;T11AA;2008;760
34;T11AA;2008;
35;T11AA;2008;
36;T11AA;2008;2051
37;T11AA;2008;
38;T11AA;2008;208
39;T11AA;2008;
40;T11AA;2008;
41;T11AA;2008;
43;T11AA;2008;
44;T11AA;2008;5055
;;;
2;T11AA;2009;291
3;T11AA;2009;181
4;T11AA;2009;4023
5;T11AA;2009;
6;T11AA;2009;3584
7;T11AA;2009;
8;T11AA;2009;49
9;T11AA;2009;981
10;T11AA;2009;177
11;T11AA;2009;
12;T11AA;2009;1603
13;T11AA;2009;106
14;T11AA;2009;2105
15;T11AA;2009;
16;T11AA;2009;10
17;T11AA;2009;149301
18;T11AA;2009;
19;T11AA;2009;7071
20;T11AA;2009;79
21;T11AA;2009;3711
22;T11AA;2009;
24;T11AA;2009;
25;T11AA;2009;196
26;T11AA;2009;
27;T11AA;2009;
28;T11AA;2009;
29;T11AA;2009;
30;T11AA;2009;
31;T11AA;2009;19
32;T11AA;2009;1193
33;T11AA;2009;724
34;T11AA;2009;
35;T11AA;2009;
36;T11AA;2009;1920
37;T11AA;2009;
38;T11AA;2009;212
39;T11AA;2009;
40;T11AA;2009;
41;T11AA;2009;690
43;T11AA;2009;
44;T11AA;2009;4141
;;;
2;T11AA;2010;178
3;T11AA;2010;167
4;T11AA;2010;3606
5;T11AA;2010;
6;T11AA;2010;3957
7;T11AA;2010;
8;T11AA;2010;52
9;T11AA;2010;910
10;T11AA;2010;122
11;T11AA;2010;
12;T11AA;2010;1753
13;T11AA;2010;103
14;T11AA;2010;1996
15;T11AA;2010;
16;T11AA;2010;11
17;T11AA;2010;142903
18;T11AA;2010;
19;T11AA;2010;7832
20;T11AA;2010;57
21;T11AA;2010;3663
22;T11AA;2010;
24;T11AA;2010;
25;T11AA;2010;213
26;T11AA;2010;
27;T11AA;2010;
28;T11AA;2010;
29;T11AA;2010;
30;T11AA;2010;
31;T11AA;2010;15
32;T11AA;2010;1007
33;T11AA;2010;863
34;T11AA;2010;
35;T11AA;2010;
36;T11AA;2010;1887
37;T11AA;2010;
38;T11AA;2010;216
39;T11AA;2010;
40;T11AA;2010;
41;T11AA;2010;656
43;T11AA;2010;
44;T11AA;2010;3777
;;;
2;T11AA;2011;171
3;T11AA;2011;170
4;T11AA;2011;3897
5;T11AA;2011;
6;T11AA;2011;4936
7;T11AA;2011;
8;T11AA;2011;39
9;T11AA;2011;818
10;T11AA;2011;127
11;T11AA;2011;
12;T11AA;2011;1696
13;T11AA;2011;104
14;T11AA;2011;2053
15;T11AA;2011;
16;T11AA;2011;26
17;T11AA;2011;139091
18;T11AA;2011;
19;T11AA;2011;6791
20;T11AA;2011;60
21;T11AA;2011;3570
22;T11AA;2011;
24;T11AA;2011;
25;T11AA;2011;180
26;T11AA;2011;
27;T11AA;2011;
28;T11AA;2011;
29;T11AA;2011;
30;T11AA;2011;
31;T11AA;2011;12
32;T11AA;2011;962
33;T11AA;2011;812
34;T11AA;2011;
35;T11AA;2011;
36;T11AA;2011;1792
37;T11AA;2011;
38;T11AA;2011;187
39;T11AA;2011;
40;T11AA;2011;
41;T11AA;2011;584
43;T11AA;2011;
44;T11AA;2011;3441
;;;
2;T11SA;2007;101
3;T11SA;2007;33
4;T11SA;2007;1995
5;T11SA;2007;
6;T11SA;2007;6542
7;T11SA;2007;
8;T11SA;2007;652
9;T11SA;2007;436
10;T11SA;2007;59
11;T11SA;2007;
12;T11SA;2007;1448
13;T11SA;2007;203
14;T11SA;2007;2198
15;T11SA;2007;40223
16;T11SA;2007;
17;T11SA;2007;26752
18;T11SA;2007;784
19;T11SA;2007;1009
20;T11SA;2007;268
21;T11SA;2007;1245
22;T11SA;2007;5398
24;T11SA;2007;
25;T11SA;2007;387
26;T11SA;2007;
27;T11SA;2007;70
28;T11SA;2007;
29;T11SA;2007;
30;T11SA;2007;8550
31;T11SA;2007;3438
32;T11SA;2007;3916
33;T11SA;2007;1804
34;T11SA;2007;
35;T11SA;2007;
36;T11SA;2007;580
37;T11SA;2007;654
38;T11SA;2007;403
39;T11SA;2007;8900
40;T11SA;2007;5953
41;T11SA;2007;
43;T11SA;2007;
44;T11SA;2007;
;;;
2;T11SA;2008;76
3;T11SA;2008;63
4;T11SA;2008;1858
5;T11SA;2008;
6;T11SA;2008;6486
7;T11SA;2008;
8;T11SA;2008;642
9;T11SA;2008;457
10;T11SA;2008;58
11;T11SA;2008;
12;T11SA;2008;1364
13;T11SA;2008;268
14;T11SA;2008;2711
15;T11SA;2008;41411
16;T11SA;2008;
17;T11SA;2008;27108
18;T11SA;2008;863
19;T11SA;2008;1200
20;T11SA;2008;271
21;T11SA;2008;1310
22;T11SA;2008;5367
24;T11SA;2008;
25;T11SA;2008;372
26;T11SA;2008;
27;T11SA;2008;80
28;T11SA;2008;
29;T11SA;2008;
30;T11SA;2008;7705
31;T11SA;2008;3575
32;T11SA;2008;3535
33;T11SA;2008;2086
34;T11SA;2008;
35;T11SA;2008;
36;T11SA;2008;616
37;T11SA;2008;639
38;T11SA;2008;322
39;T11SA;2008;9837
40;T11SA;2008;6761
41;T11SA;2008;
43;T11SA;2008;1038
44;T11SA;2008;
;;;
2;T11SA;2009;83
3;T11SA;2009;73
4;T11SA;2009;1838
5;T11SA;2009;
6;T11SA;2009;6620
7;T11SA;2009;
8;T11SA;2009;610
9;T11SA;2009;424
10;T11SA;2009;57
11;T11SA;2009;
12;T11SA;2009;1260
13;T11SA;2009;254
14;T11SA;2009;2099
15;T11SA;2009;39736
16;T11SA;2009;
17;T11SA;2009;25034
18;T11SA;2009;1172
19;T11SA;2009;1121
20;T11SA;2009;279
21;T11SA;2009;1454
22;T11SA;2009;5455
24;T11SA;2009;
25;T11SA;2009;365
26;T11SA;2009;
27;T11SA;2009;82
28;T11SA;2009;
29;T11SA;2009;
30;T11SA;2009;7650
31;T11SA;2009;3875
32;T11SA;2009;3399
33;T11SA;2009;2347
34;T11SA;2009;
35;T11SA;2009;
36;T11SA;2009;592
37;T11SA;2009;626
38;T11SA;2009;381
39;T11SA;2009;8976
40;T11SA;2009;7280
41;T11SA;2009;4993
43;T11SA;2009;
44;T11SA;2009;
;;;
2;T11SA;2010;79
3;T11SA;2010;82
4;T11SA;2010;2167
5;T11SA;2010;
6;T11SA;2010;6829
7;T11SA;2010;
8;T11SA;2010;590
9;T11SA;2010;382
10;T11SA;2010;69
11;T11SA;2010;1342
12;T11SA;2010;1496
13;T11SA;2010;178
14;T11SA;2010;2384
15;T11SA;2010;38803
16;T11SA;2010;
17;T11SA;2010;25911
18;T11SA;2010;736
19;T11SA;2010;1172
20;T11SA;2010;217
21;T11SA;2010;2162
22;T11SA;2010;5395
24;T11SA;2010;
25;T11SA;2010;527
26;T11SA;2010;
27;T11SA;2010;91
28;T11SA;2010;
29;T11SA;2010;
30;T11SA;2010;7045
31;T11SA;2010;3918
32;T11SA;2010;3285
33;T11SA;2010;2140
34;T11SA;2010;
35;T11SA;2010;
36;T11SA;2010;629
37;T11SA;2010;562
38;T11SA;2010;414
39;T11SA;2010;8364
40;T11SA;2010;7233
41;T11SA;2010;4897
43;T11SA;2010;2184
44;T11SA;2010;
;;;
2;T11SA;2011;44
3;T11SA;2011;71
4;T11SA;2011;2384
5;T11SA;2011;
6;T11SA;2011;6848
7;T11SA;2011;
8;T11SA;2011;554
9;T11SA;2011;364
10;T11SA;2011;70
11;T11SA;2011;1459
12;T11SA;2011;1372
13;T11SA;2011;180
14;T11SA;2011;3159
15;T11SA;2011;41091
16;T11SA;2011;
17;T11SA;2011;24936
18;T11SA;2011;575
19;T11SA;2011;1032
20;T11SA;2011;285
21;T11SA;2011;2018
22;T11SA;2011;
24;T11SA;2011;
25;T11SA;2011;540
26;T11SA;2011;
27;T11SA;2011;69
28;T11SA;2011;
29;T11SA;2011;
30;T11SA;2011;6670
31;T11SA;2011;4156
32;T11SA;2011;3169
33;T11SA;2011;2091
34;T11SA;2011;
35;T11SA;2011;
36;T11SA;2011;643
37;T11SA;2011;776
38;T11SA;2011;342
39;T11SA;2011;9892
40;T11SA;2011;7945
41;T11SA;2011;4913
43;T11SA;2011;2343
44;T11SA;2011;
;;;
2;T11RA;2007;41
3;T11RA;2007;15
4;T11RA;2007;1184
5;T11RA;2007;
6;T11RA;2007;3280
7;T11RA;2007;
8;T11RA;2007;225
9;T11RA;2007;146
10;T11RA;2007;19
11;T11RA;2007;637
12;T11RA;2007;728
13;T11RA;2007;122
14;T11RA;2007;739
15;T11RA;2007;10170
16;T11RA;2007;156
17;T11RA;2007;6998
18;T11RA;2007;218
19;T11RA;2007;215
20;T11RA;2007;114
21;T11RA;2007;427
22;T11RA;2007;
24;T11RA;2007;
25;T11RA;2007;332
26;T11RA;2007;
27;T11RA;2007;10
28;T11RA;2007;
29;T11RA;2007;
30;T11RA;2007;2135
31;T11RA;2007;1061
32;T11RA;2007;2034
33;T11RA;2007;305
34;T11RA;2007;
35;T11RA;2007;7038
36;T11RA;2007;166
37;T11RA;2007;182
38;T11RA;2007;97
39;T11RA;2007;1573
40;T11RA;2007;4749
41;T11RA;2007;
43;T11RA;2007;
44;T11RA;2007;878
;;;
2;T11RA;2008;39
3;T11RA;2008;23
4;T11RA;2008;1123
5;T11RA;2008;
6;T11RA;2008;3178
7;T11RA;2008;
8;T11RA;2008;262
9;T11RA;2008;180
10;T11RA;2008;34
11;T11RA;2008;529
12;T11RA;2008;623
13;T11RA;2008;160
14;T11RA;2008;915
15;T11RA;2008;10849
16;T11RA;2008;100
17;T11RA;2008;6723
18;T11RA;2008;248
19;T11RA;2008;214
20;T11RA;2008;96
21;T11RA;2008;414
22;T11RA;2008;
24;T11RA;2008;
25;T11RA;2008;307
26;T11RA;2008;
27;T11RA;2008;19
28;T11RA;2008;
29;T11RA;2008;
30;T11RA;2008;1945
31;T11RA;2008;1062
32;T11RA;2008;1852
33;T11RA;2008;314
34;T11RA;2008;
35;T11RA;2008;6208
36;T11RA;2008;175
37;T11RA;2008;152
38;T11RA;2008;57
39;T11RA;2008;1386
40;T11RA;2008;5446
41;T11RA;2008;
43;T11RA;2008;
44;T11RA;2008;880
;;;
2;T11RA;2009;34
3;T11RA;2009;32
4;T11RA;2009;1170
5;T11RA;2009;
6;T11RA;2009;3061
7;T11RA;2009;
8;T11RA;2009;246
9;T11RA;2009;119
10;T11RA;2009;27
11;T11RA;2009;480
12;T11RA;2009;562
13;T11RA;2009;124
14;T11RA;2009;660
15;T11RA;2009;11434
16;T11RA;2009;84
17;T11RA;2009;6828
18;T11RA;2009;250
19;T11RA;2009;228
20;T11RA;2009;99
21;T11RA;2009;485
22;T11RA;2009;
24;T11RA;2009;
25;T11RA;2009;289
26;T11RA;2009;
27;T11RA;2009;12
28;T11RA;2009;
29;T11RA;2009;
30;T11RA;2009;1920
31;T11RA;2009;1115
32;T11RA;2009;1742
33;T11RA;2009;377
34;T11RA;2009;
35;T11RA;2009;5398
36;T11RA;2009;159
37;T11RA;2009;142
38;T11RA;2009;79
39;T11RA;2009;1304
40;T11RA;2009;5937
41;T11RA;2009;666
43;T11RA;2009;
44;T11RA;2009;758
;;;
2;T11RA;2010;24
3;T11RA;2010;24
4;T11RA;2010;1313
5;T11RA;2010;
6;T11RA;2010;3166
7;T11RA;2010;
8;T11RA;2010;211
9;T11RA;2010;137
10;T11RA;2010;36
11;T11RA;2010;586
12;T11RA;2010;601
13;T11RA;2010;81
14;T11RA;2010;818
15;T11RA;2010;10752
16;T11RA;2010;82
17;T11RA;2010;7131
18;T11RA;2010;236
19;T11RA;2010;246
20;T11RA;2010;98
21;T11RA;2010;632
22;T11RA;2010;
24;T11RA;2010;
25;T11RA;2010;377
26;T11RA;2010;
27;T11RA;2010;11
28;T11RA;2010;
29;T11RA;2010;
30;T11RA;2010;1655
31;T11RA;2010;1047
32;T11RA;2010;1753
33;T11RA;2010;424
34;T11RA;2010;
35;T11RA;2010;4907
36;T11RA;2010;109
37;T11RA;2010;117
38;T11RA;2010;63
39;T11RA;2010;1177
40;T11RA;2010;5960
41;T11RA;2010;543
43;T11RA;2010;
44;T11RA;2010;635
;;;
2;T11RA;2011;22
3;T11RA;2011;15
4;T11RA;2011;1487
5;T11RA;2011;
6;T11RA;2011;3165
7;T11RA;2011;
8;T11RA;2011;157
9;T11RA;2011;117
10;T11RA;2011;38
11;T11RA;2011;675
12;T11RA;2011;563
13;T11RA;2011;91
14;T11RA;2011;1039
15;T11RA;2011;10984
16;T11RA;2011;78
17;T11RA;2011;7030
18;T11RA;2011;182
19;T11RA;2011;196
20;T11RA;2011;128
21;T11RA;2011;608
22;T11RA;2011;
24;T11RA;2011;
25;T11RA;2011;380
26;T11RA;2011;
27;T11RA;2011;18
28;T11RA;2011;
29;T11RA;2011;
30;T11RA;2011;1590
31;T11RA;2011;1213
32;T11RA;2011;1636
33;T11RA;2011;374
34;T11RA;2011;
35;T11RA;2011;4801
36;T11RA;2011;107
37;T11RA;2011;150
38;T11RA;2011;55
39;T11RA;2011;1513
40;T11RA;2011;6532
41;T11RA;2011;552
43;T11RA;2011;
44;T11RA;2011;630
;;;
2;T11SM;2007;49
3;T11SM;2007;
4;T11SM;2007;609
5;T11SM;2007;
6;T11SM;2007;3987
7;T11SM;2007;
8;T11SM;2007;
9;T11SM;2007;216
10;T11SM;2007;9
11;T11SM;2007;765
12;T11SM;2007;408
13;T11SM;2007;65
14;T11SM;2007;1025
15;T11SM;2007;8496
16;T11SM;2007;
17;T11SM;2007;9459
18;T11SM;2007;
19;T11SM;2007;102
20;T11SM;2007;120
21;T11SM;2007;71
22;T11SM;2007;501
24;T11SM;2007;
25;T11SM;2007;51
26;T11SM;2007;
27;T11SM;2007;
28;T11SM;2007;
29;T11SM;2007;
30;T11SM;2007;
31;T11SM;2007;1162
32;T11SM;2007;1882
33;T11SM;2007;646
34;T11SM;2007;
35;T11SM;2007;
36;T11SM;2007;107
37;T11SM;2007;361
38;T11SM;2007;203
39;T11SM;2007;
40;T11SM;2007;890
41;T11SM;2007;
43;T11SM;2007;
44;T11SM;2007;62
;;;
2;T11SM;2008;35
3;T11SM;2008;
4;T11SM;2008;555
5;T11SM;2008;
6;T11SM;2008;3872
7;T11SM;2008;
8;T11SM;2008;
9;T11SM;2008;183
10;T11SM;2008;5
11;T11SM;2008;802
12;T11SM;2008;416
13;T11SM;2008;90
14;T11SM;2008;1321
15;T11SM;2008;8957
16;T11SM;2008;
17;T11SM;2008;9136
18;T11SM;2008;
19;T11SM;2008;87
20;T11SM;2008;148
21;T11SM;2008;76
22;T11SM;2008;474
24;T11SM;2008;
25;T11SM;2008;55
26;T11SM;2008;
27;T11SM;2008;29
28;T11SM;2008;
29;T11SM;2008;
30;T11SM;2008;
31;T11SM;2008;1243
32;T11SM;2008;1683
33;T11SM;2008;593
34;T11SM;2008;
35;T11SM;2008;
36;T11SM;2008;125
37;T11SM;2008;387
38;T11SM;2008;159
39;T11SM;2008;
40;T11SM;2008;960
41;T11SM;2008;
43;T11SM;2008;
44;T11SM;2008;90
;;;
2;T11SM;2009;47
3;T11SM;2009;
4;T11SM;2009;512
5;T11SM;2009;
6;T11SM;2009;3766
7;T11SM;2009;
8;T11SM;2009;
9;T11SM;2009;221
10;T11SM;2009;7
11;T11SM;2009;829
12;T11SM;2009;369
13;T11SM;2009;94
14;T11SM;2009;1068
15;T11SM;2009;8540
16;T11SM;2009;
17;T11SM;2009;8595
18;T11SM;2009;
19;T11SM;2009;98
20;T11SM;2009;139
21;T11SM;2009;111
22;T11SM;2009;492
24;T11SM;2009;
25;T11SM;2009;64
26;T11SM;2009;
27;T11SM;2009;27
28;T11SM;2009;
29;T11SM;2009;
30;T11SM;2009;
31;T11SM;2009;1259
32;T11SM;2009;1657
33;T11SM;2009;668
34;T11SM;2009;
35;T11SM;2009;
36;T11SM;2009;125
37;T11SM;2009;396
38;T11SM;2009;199
39;T11SM;2009;
40;T11SM;2009;856
41;T11SM;2009;1526
43;T11SM;2009;
44;T11SM;2009;69
;;;
2;T11SM;2010;38
3;T11SM;2010;
4;T11SM;2010;658
5;T11SM;2010;
6;T11SM;2010;3872
7;T11SM;2010;
8;T11SM;2010;
9;T11SM;2010;171
10;T11SM;2010;6
11;T11SM;2010;734
12;T11SM;2010;431
13;T11SM;2010;79
14;T11SM;2010;1102
15;T11SM;2010;8445
16;T11SM;2010;
17;T11SM;2010;9033
18;T11SM;2010;
19;T11SM;2010;129
20;T11SM;2010;97
21;T11SM;2010;156
22;T11SM;2010;582
24;T11SM;2010;
25;T11SM;2010;113
26;T11SM;2010;
27;T11SM;2010;37
28;T11SM;2010;
29;T11SM;2010;
30;T11SM;2010;
31;T11SM;2010;1353
32;T11SM;2010;1532
33;T11SM;2010;778
34;T11SM;2010;
35;T11SM;2010;
36;T11SM;2010;124
37;T11SM;2010;369
38;T11SM;2010;244
39;T11SM;2010;
40;T11SM;2010;829
41;T11SM;2010;1133
43;T11SM;2010;
44;T11SM;2010;52
;;;
2;T11SM;2011;18
3;T11SM;2011;
4;T11SM;2011;695
5;T11SM;2011;
6;T11SM;2011;3867
7;T11SM;2011;
8;T11SM;2011;
9;T11SM;2011;165
10;T11SM;2011;7
11;T11SM;2011;757
12;T11SM;2011;370
13;T11SM;2011;70
14;T11SM;2011;1698
15;T11SM;2011;8328
16;T11SM;2011;
17;T11SM;2011;8551
18;T11SM;2011;
19;T11SM;2011;86
20;T11SM;2011;114
21;T11SM;2011;148
22;T11SM;2011;
24;T11SM;2011;
25;T11SM;2011;130
26;T11SM;2011;
27;T11SM;2011;28
28;T11SM;2011;
29;T11SM;2011;
30;T11SM;2011;
31;T11SM;2011;1417
32;T11SM;2011;1533
33;T11SM;2011;784
34;T11SM;2011;
35;T11SM;2011;
36;T11SM;2011;108
37;T11SM;2011;542
38;T11SM;2011;218
39;T11SM;2011;
40;T11SM;2011;1010
41;T11SM;2011;1403
43;T11SM;2011;
44;T11SM;2011;61
;;;
2;T11RO;2007;129
3;T11RO;2007;197
4;T11RO;2007;5036
5;T11RO;2007;
6;T11RO;2007;21185
7;T11RO;2007;
8;T11RO;2007;2995
9;T11RO;2007;1272
10;T11RO;2007;74
11;T11RO;2007;4856
12;T11RO;2007;2258
13;T11RO;2007;887
14;T11RO;2007;1784
15;T11RO;2007;116604
16;T11RO;2007;2823
17;T11RO;2007;52949
18;T11RO;2007;2845
19;T11RO;2007;3119
20;T11RO;2007;43
21;T11RO;2007;2099
22;T11RO;2007;51210
24;T11RO;2007;
25;T11RO;2007;3802
26;T11RO;2007;
27;T11RO;2007;200
28;T11RO;2007;
29;T11RO;2007;
30;T11RO;2007;13660
31;T11RO;2007;1464
32;T11RO;2007;21794
33;T11RO;2007;18483
34;T11RO;2007;
35;T11RO;2007;295071
36;T11RO;2007;27587
37;T11RO;2007;1429
38;T11RO;2007;537
39;T11RO;2007;71628
40;T11RO;2007;8673
41;T11RO;2007;
43;T11RO;2007;11841
44;T11RO;2007;32266
;;;
2;T11RO;2008;147
3;T11RO;2008;350
4;T11RO;2008;4786
5;T11RO;2008;
6;T11RO;2008;22870
7;T11RO;2008;
8;T11RO;2008;2867
9;T11RO;2008;1259
10;T11RO;2008;71
11;T11RO;2008;4641
12;T11RO;2008;2408
13;T11RO;2008;909
14;T11RO;2008;1696
15;T11RO;2008;110452
16;T11RO;2008;2175
17;T11RO;2008;49913
18;T11RO;2008;3099
19;T11RO;2008;3128
20;T11RO;2008;43
21;T11RO;2008;2165
22;T11RO;2008;45857
24;T11RO;2008;
25;T11RO;2008;3452
26;T11RO;2008;
27;T11RO;2008;147
28;T11RO;2008;
29;T11RO;2008;
30;T11RO;2008;13175
31;T11RO;2008;1598
32;T11RO;2008;19550
33;T11RO;2008;20854
34;T11RO;2008;
35;T11RO;2008;243957
36;T11RO;2008;28284
37;T11RO;2008;1371
38;T11RO;2008;492
39;T11RO;2008;71421
40;T11RO;2008;8909
41;T11RO;2008;
43;T11RO;2008;8112
44;T11RO;2008;26928
;;;
2;T11RO;2009;172
3;T11RO;2009;416
4;T11RO;2009;4577
5;T11RO;2009;
6;T11RO;2009;23580
7;T11RO;2009;
8;T11RO;2009;3593
9;T11RO;2009;1411
10;T11RO;2009;142
11;T11RO;2009;4687
12;T11RO;2009;2707
13;T11RO;2009;726
14;T11RO;2009;1640
15;T11RO;2009;116812
16;T11RO;2009;1658
17;T11RO;2009;49317
18;T11RO;2009;4123
19;T11RO;2009;3144
20;T11RO;2009;60
21;T11RO;2009;2364
22;T11RO;2009;35822
24;T11RO;2009;
25;T11RO;2009;3363
26;T11RO;2009;
27;T11RO;2009;202
28;T11RO;2009;
29;T11RO;2009;
30;T11RO;2009;16265
31;T11RO;2009;1776
32;T11RO;2009;19235
33;T11RO;2009;20472
34;T11RO;2009;
35;T11RO;2009;205379
36;T11RO;2009;28275
37;T11RO;2009;1358
38;T11RO;2009;587
39;T11RO;2009;65159
40;T11RO;2009;9570
41;T11RO;2009;5027
43;T11RO;2009;
44;T11RO;2009;27598
;;;
2;T11RO;2010;242
3;T11RO;2010;356
4;T11RO;2010;4310
5;T11RO;2010;
6;T11RO;2010;23837
7;T11RO;2010;
8;T11RO;2010;3736
9;T11RO;2010;1245
10;T11RO;2010;156
11;T11RO;2010;4019
12;T11RO;2010;2209
13;T11RO;2010;599
14;T11RO;2010;1508
15;T11RO;2010;125422
16;T11RO;2010;1036
17;T11RO;2010;48166
18;T11RO;2010;4415
19;T11RO;2010;3385
20;T11RO;2010;42
21;T11RO;2010;3038
22;T11RO;2010;33754
24;T11RO;2010;
25;T11RO;2010;2727
26;T11RO;2010;
27;T11RO;2010;196
28;T11RO;2010;
29;T11RO;2010;
30;T11RO;2010;16105
31;T11RO;2010;1687
32;T11RO;2010;17302
33;T11RO;2010;20442
34;T11RO;2010;
35;T11RO;2010;164547
36;T11RO;2010;28555
37;T11RO;2010;1188
38;T11RO;2010;552
39;T11RO;2010;59370
40;T11RO;2010;9219
41;T11RO;2010;4406
43;T11RO;2010;8053
44;T11RO;2010;23300
;;;
2;T11RO;2011;278
3;T11RO;2011;344
4;T11RO;2011;4066
5;T11RO;2011;
6;T11RO;2011;27300
7;T11RO;2011;
8;T11RO;2011;3109
9;T11RO;2011;1382
10;T11RO;2011;137
11;T11RO;2011;3881
12;T11RO;2011;2245
13;T11RO;2011;525
14;T11RO;2011;1622
15;T11RO;2011;125373
16;T11RO;2011;746
17;T11RO;2011;48021
18;T11RO;2011;4544
19;T11RO;2011;3186
20;T11RO;2011;42
21;T11RO;2011;2798
22;T11RO;2011;
24;T11RO;2011;
25;T11RO;2011;2502
26;T11RO;2011;
27;T11RO;2011;219
28;T11RO;2011;
29;T11RO;2011;
30;T11RO;2011;15400
31;T11RO;2011;1623
32;T11RO;2011;15329
33;T11RO;2011;20372
34;T11RO;2011;
35;T11RO;2011;127772
36;T11RO;2011;30533
37;T11RO;2011;851
38;T11RO;2011;484
39;T11RO;2011;87718
40;T11RO;2011;9719
41;T11RO;2011;5236
43;T11RO;2011;9042
44;T11RO;2011;22966
;;;
2;TROFA;2007;35
3;TROFA;2007;
4;TROFA;2007;306
5;TROFA;2007;
6;TROFA;2007;1070
7;TROFA;2007;
8;TROFA;2007;
9;TROFA;2007;389
10;TROFA;2007;
11;TROFA;2007;
12;TROFA;2007;
13;TROFA;2007;
14;TROFA;2007;
15;TROFA;2007;5931
16;TROFA;2007;
17;TROFA;2007;3860
18;TROFA;2007;
19;TROFA;2007;122
20;TROFA;2007;
21;TROFA;2007;55
22;TROFA;2007;
24;TROFA;2007;
25;TROFA;2007;9
26;TROFA;2007;
27;TROFA;2007;
28;TROFA;2007;
29;TROFA;2007;
30;TROFA;2007;
31;TROFA;2007;
32;TROFA;2007;238
33;TROFA;2007;2032
34;TROFA;2007;
35;TROFA;2007;
36;TROFA;2007;1137
37;TROFA;2007;120
38;TROFA;2007;
39;TROFA;2007;2946
40;TROFA;2007;914
41;TROFA;2007;
43;TROFA;2007;
44;TROFA;2007;
;;;
2;TROFA;2008;41
3;TROFA;2008;
4;TROFA;2008;329
5;TROFA;2008;
6;TROFA;2008;1667
7;TROFA;2008;
8;TROFA;2008;
9;TROFA;2008;434
10;TROFA;2008;
11;TROFA;2008;
12;TROFA;2008;
13;TROFA;2008;
14;TROFA;2008;
15;TROFA;2008;6882
16;TROFA;2008;
17;TROFA;2008;3503
18;TROFA;2008;
19;TROFA;2008;82
20;TROFA;2008;
21;TROFA;2008;56
22;TROFA;2008;
24;TROFA;2008;
25;TROFA;2008;8
26;TROFA;2008;
27;TROFA;2008;
28;TROFA;2008;
29;TROFA;2008;
30;TROFA;2008;
31;TROFA;2008;
32;TROFA;2008;175
33;TROFA;2008;3129
34;TROFA;2008;
35;TROFA;2008;
36;TROFA;2008;1304
37;TROFA;2008;97
38;TROFA;2008;
39;TROFA;2008;3289
40;TROFA;2008;1142
41;TROFA;2008;
43;TROFA;2008;
44;TROFA;2008;
;;;
2;TROFA;2009;50
3;TROFA;2009;
4;TROFA;2009;281
5;TROFA;2009;
6;TROFA;2009;2032
7;TROFA;2009;
8;TROFA;2009;
9;TROFA;2009;519
10;TROFA;2009;
11;TROFA;2009;
12;TROFA;2009;
13;TROFA;2009;
14;TROFA;2009;
15;TROFA;2009;7859
16;TROFA;2009;
17;TROFA;2009;3876
18;TROFA;2009;
19;TROFA;2009;113
20;TROFA;2009;
21;TROFA;2009;50
22;TROFA;2009;
24;TROFA;2009;
25;TROFA;2009;9
26;TROFA;2009;
27;TROFA;2009;
28;TROFA;2009;
29;TROFA;2009;
30;TROFA;2009;
31;TROFA;2009;
32;TROFA;2009;219
33;TROFA;2009;2979
34;TROFA;2009;
35;TROFA;2009;
36;TROFA;2009;1409
37;TROFA;2009;136
38;TROFA;2009;
39;TROFA;2009;3143
40;TROFA;2009;1297
41;TROFA;2009;
43;TROFA;2009;
44;TROFA;2009;
;;;
2;TROFA;2010;67
3;TROFA;2010;
4;TROFA;2010;285
5;TROFA;2010;
6;TROFA;2010;1734
7;TROFA;2010;
8;TROFA;2010;
9;TROFA;2010;453
10;TROFA;2010;79
11;TROFA;2010;
12;TROFA;2010;
13;TROFA;2010;
14;TROFA;2010;
15;TROFA;2010;7060
16;TROFA;2010;
17;TROFA;2010;3773
18;TROFA;2010;
19;TROFA;2010;145
20;TROFA;2010;
21;TROFA;2010;57
22;TROFA;2010;
24;TROFA;2010;
25;TROFA;2010;5
26;TROFA;2010;
27;TROFA;2010;
28;TROFA;2010;
29;TROFA;2010;
30;TROFA;2010;
31;TROFA;2010;
32;TROFA;2010;264
33;TROFA;2010;2028
34;TROFA;2010;
35;TROFA;2010;
36;TROFA;2010;989
37;TROFA;2010;161
38;TROFA;2010;
39;TROFA;2010;2355
40;TROFA;2010;1068
41;TROFA;2010;
43;TROFA;2010;
44;TROFA;2010;
;;;
2;TROFA;2011;92
3;TROFA;2011;
4;TROFA;2011;213
5;TROFA;2011;
6;TROFA;2011;1679
7;TROFA;2011;
8;TROFA;2011;
9;TROFA;2011;548
10;TROFA;2011;84
11;TROFA;2011;
12;TROFA;2011;
13;TROFA;2011;
14;TROFA;2011;
15;TROFA;2011;6475
16;TROFA;2011;
17;TROFA;2011;3488
18;TROFA;2011;
19;TROFA;2011;149
20;TROFA;2011;
21;TROFA;2011;71
22;TROFA;2011;
24;TROFA;2011;
25;TROFA;2011;1
26;TROFA;2011;
27;TROFA;2011;
28;TROFA;2011;
29;TROFA;2011;
30;TROFA;2011;
31;TROFA;2011;
32;TROFA;2011;221
33;TROFA;2011;1738
34;TROFA;2011;
35;TROFA;2011;
36;TROFA;2011;985
37;TROFA;2011;95
38;TROFA;2011;
39;TROFA;2011;1992
40;TROFA;2011;1019
41;TROFA;2011;
43;TROFA;2011;
44;TROFA;2011;
;;;
2;T11TH;2007;2850
3;T11TH;2007;2849
4;T11TH;2007;280135
5;T11TH;2007;
6;T11TH;2007;401400
7;T11TH;2007;
8;T11TH;2007;68877
9;T11TH;2007;34366
10;T11TH;2007;4309
11;T11TH;2007;209132
12;T11TH;2007;273478
13;T11TH;2007;21685
14;T11TH;2007;145032
15;T11TH;2007;1832423
16;T11TH;2007;18586
17;T11TH;2007;2561691
18;T11TH;2007;77105
19;T11TH;2007;176065
20;T11TH;2007;5370
21;T11TH;2007;98863
22;T11TH;2007;1636656
24;T11TH;2007;
25;T11TH;2007;33956
26;T11TH;2007;
27;T11TH;2007;8982
28;T11TH;2007;
29;T11TH;2007;
30;T11TH;2007;684870
31;T11TH;2007;146029
32;T11TH;2007;388461
33;T11TH;2007;157173
34;T11TH;2007;
35;T11TH;2007;1566970
36;T11TH;2007;31038
37;T11TH;2007;54250
38;T11TH;2007;48735
39;T11TH;2007;370866
40;T11TH;2007;567819
41;T11TH;2007;
43;T11TH;2007;157735
44;T11TH;2007;114665
;;;
2;T11TH;2008;2459
3;T11TH;2008;3282
4;T11TH;2008;271851
5;T11TH;2008;
6;T11TH;2008;401988
7;T11TH;2008;
8;T11TH;2008;62533
9;T11TH;2008;32244
10;T11TH;2008;3992
11;T11TH;2008;200673
12;T11TH;2008;303777
13;T11TH;2008;22471
14;T11TH;2008;146496
15;T11TH;2008;1741883
16;T11TH;2008;14814
17;T11TH;2008;2443280
18;T11TH;2008;84794
19;T11TH;2008;172237
20;T11TH;2008;7063
21;T11TH;2008;101616
22;T11TH;2008;1392544
24;T11TH;2008;
25;T11TH;2008;38422
26;T11TH;2008;
27;T11TH;2008;8127
28;T11TH;2008;
29;T11TH;2008;
30;T11TH;2008;682495
31;T11TH;2008;141445
32;T11TH;2008;343919
33;T11TH;2008;180707
34;T11TH;2008;
35;T11TH;2008;1326342
36;T11TH;2008;30860
37;T11TH;2008;48902
38;T11TH;2008;44077
39;T11TH;2008;381642
40;T11TH;2008;550632
41;T11TH;2008;
43;T11TH;2008;134689
44;T11TH;2008;110954
;;;
2;T11TH;2009;3068
3;T11TH;2009;4015
4;T11TH;2009;270663
5;T11TH;2009;
6;T11TH;2009;397415
7;T11TH;2009;
8;T11TH;2009;67960
9;T11TH;2009;30973
10;T11TH;2009;3789
11;T11TH;2009;193217
12;T11TH;2009;313873
13;T11TH;2009;23901
14;T11TH;2009;151678
15;T11TH;2009;1746182
16;T11TH;2009;11473
17;T11TH;2009;2344646
18;T11TH;2009;91296
19;T11TH;2009;164848
20;T11TH;2009;8638
21;T11TH;2009;103789
22;T11TH;2009;1318076
24;T11TH;2009;
25;T11TH;2009;39566
26;T11TH;2009;
27;T11TH;2009;6843
28;T11TH;2009;
29;T11TH;2009;
30;T11TH;2009;681465
31;T11TH;2009;148779
32;T11TH;2009;352504
33;T11TH;2009;170516
34;T11TH;2009;
35;T11TH;2009;1188574
36;T11TH;2009;28213
37;T11TH;2009;46943
38;T11TH;2009;44075
39;T11TH;2009;357462
40;T11TH;2009;544012
41;T11TH;2009;246129
43;T11TH;2009;
44;T11TH;2009;175876
;;;
2;T11TH;2010;3971
3;T11TH;2010;3724
4;T11TH;2010;237973
5;T11TH;2010;
6;T11TH;2010;401006
7;T11TH;2010;
8;T11TH;2010;78422
9;T11TH;2010;33252
10;T11TH;2010;4902
11;T11TH;2010;185069
12;T11TH;2010;305079
13;T11TH;2010;25253
14;T11TH;2010;148213
15;T11TH;2010;1725442
16;T11TH;2010;11371
17;T11TH;2010;2301786
18;T11TH;2010;96435
19;T11TH;2010;187097
20;T11TH;2010;7786
21;T11TH;2010;101869
22;T11TH;2010;1325013
24;T11TH;2010;
25;T11TH;2010;37047
26;T11TH;2010;
27;T11TH;2010;7769
28;T11TH;2010;
29;T11TH;2010;
30;T11TH;2010;662015
31;T11TH;2010;140900
32;T11TH;2010;365260
33;T11TH;2010;166024
34;T11TH;2010;
35;T11TH;2010;1108369
36;T11TH;2010;31395
37;T11TH;2010;42601
38;T11TH;2010;42875
39;T11TH;2010;350496
40;T11TH;2010;519168
41;T11TH;2010;232044
43;T11TH;2010;165516
44;T11TH;2010;254755
;;;
2;T11TH;2011;4619
3;T11TH;2011;4260
4;T11TH;2011;228846
5;T11TH;2011;
6;T11TH;2011;423431
7;T11TH;2011;
8;T11TH;2011;70829
9;T11TH;2011;36275
10;T11TH;2011;5066
11;T11TH;2011;183946
12;T11TH;2011;300041
13;T11TH;2011;20175
14;T11TH;2011;151243
15;T11TH;2011;1726722
16;T11TH;2011;11383
17;T11TH;2011;2403781
18;T11TH;2011;98520
19;T11TH;2011;183677
20;T11TH;2011;6103
21;T11TH;2011;104566
22;T11TH;2011;
24;T11TH;2011;
25;T11TH;2011;36971
26;T11TH;2011;
27;T11TH;2011;8520
28;T11TH;2011;
29;T11TH;2011;
30;T11TH;2011;669610
31;T11TH;2011;138123
32;T11TH;2011;370280
33;T11TH;2011;169984
34;T11TH;2011;
35;T11TH;2011;1038566
36;T11TH;2011;34475
37;T11TH;2011;38083
38;T11TH;2011;44901
39;T11TH;2011;414961
40;T11TH;2011;536748
41;T11TH;2011;263353
43;T11TH;2011;75433
44;T11TH;2011;277598
;;;
2;T11TV;2007;437
3;T11TV;2007;137
4;T11TV;2007;7802
5;T11TV;2007;
6;T11TV;2007;17819
7;T11TV;2007;
8;T11TV;2007;4569
9;T11TV;2007;2069
10;T11TV;2007;443
11;T11TV;2007;20329
12;T11TV;2007;18689
13;T11TV;2007;1007
14;T11TV;2007;14827
15;T11TV;2007;230361
16;T11TV;2007;307
17;T11TV;2007;92628
18;T11TV;2007;17113
19;T11TV;2007;10675
20;T11TV;2007;467
21;T11TV;2007;13546
22;T11TV;2007;277549
24;T11TV;2007;
25;T11TV;2007;2987
26;T11TV;2007;
27;T11TV;2007;388
28;T11TV;2007;
29;T11TV;2007;
30;T11TV;2007;21425
31;T11TV;2007;12571
32;T11TV;2007;27035
33;T11TV;2007;23986
34;T11TV;2007;
35;T11TV;2007;58427
36;T11TV;2007;513
37;T11TV;2007;4719
38;T11TV;2007;840
39;T11TV;2007;85935
40;T11TV;2007;49249
41;T11TV;2007;
43;T11TV;2007;22852
44;T11TV;2007;6806
;;;
2;T11TV;2008;388
3;T11TV;2008;66
4;T11TV;2008;9049
5;T11TV;2008;
6;T11TV;2008;16954
7;T11TV;2008;
8;T11TV;2008;4620
9;T11TV;2008;1927
10;T11TV;2008;372
11;T11TV;2008;18793
12;T11TV;2008;20964
13;T11TV;2008;1035
14;T11TV;2008;13804
15;T11TV;2008;216502
16;T11TV;2008;267
17;T11TV;2008;89036
18;T11TV;2008;16684
19;T11TV;2008;10022
20;T11TV;2008;429
21;T11TV;2008;14322
22;T11TV;2008;229961
24;T11TV;2008;
25;T11TV;2008;2758
26;T11TV;2008;
27;T11TV;2008;398
28;T11TV;2008;
29;T11TV;2008;
30;T11TV;2008;21665
31;T11TV;2008;11901
32;T11TV;2008;23108
33;T11TV;2008;25274
34;T11TV;2008;
35;T11TV;2008;52820
36;T11TV;2008;589
37;T11TV;2008;4135
38;T11TV;2008;587
39;T11TV;2008;72106
40;T11TV;2008;44717
41;T11TV;2008;
43;T11TV;2008;16867
44;T11TV;2008;5793
;;;
2;T11TV;2009;498
3;T11TV;2009;54
4;T11TV;2009;9289
5;T11TV;2009;
6;T11TV;2009;15619
7;T11TV;2009;
8;T11TV;2009;4470
9;T11TV;2009;1828
10;T11TV;2009;483
11;T11TV;2009;14770
12;T11TV;2009;20806
13;T11TV;2009;934
14;T11TV;2009;12188
15;T11TV;2009;212521
16;T11TV;2009;154
17;T11TV;2009;87693
18;T11TV;2009;18371
19;T11TV;2009;9701
20;T11TV;2009;546
21;T11TV;2009;13155
22;T11TV;2009;213407
24;T11TV;2009;
25;T11TV;2009;2156
26;T11TV;2009;
27;T11TV;2009;401
28;T11TV;2009;
29;T11TV;2009;
30;T11TV;2009;21850
31;T11TV;2009;12014
32;T11TV;2009;22701
33;T11TV;2009;22539
34;T11TV;2009;
35;T11TV;2009;49288
36;T11TV;2009;501
37;T11TV;2009;3779
38;T11TV;2009;588
39;T11TV;2009;55964
40;T11TV;2009;40359
41;T11TV;2009;9115
43;T11TV;2009;
44;T11TV;2009;5184
;;;
2;T11TV;2010;627
3;T11TV;2010;60
4;T11TV;2010;5150
5;T11TV;2010;
6;T11TV;2010;14065
7;T11TV;2010;
8;T11TV;2010;3938
9;T11TV;2010;1568
10;T11TV;2010;504
11;T11TV;2010;13109
12;T11TV;2010;17923
13;T11TV;2010;870
14;T11TV;2010;11150
15;T11TV;2010;199556
16;T11TV;2010;117
17;T11TV;2010;83480
18;T11TV;2010;16998
19;T11TV;2010;8628
20;T11TV;2010;452
21;T11TV;2010;11391
22;T11TV;2010;197583
24;T11TV;2010;
25;T11TV;2010;2222
26;T11TV;2010;
27;T11TV;2010;372
28;T11TV;2010;
29;T11TV;2010;
30;T11TV;2010;21730
31;T11TV;2010;10858
32;T11TV;2010;21259
33;T11TV;2010;20310
34;T11TV;2010;
35;T11TV;2010;47587
36;T11TV;2010;447
37;T11TV;2010;3354
38;T11TV;2010;534
39;T11TV;2010;45373
40;T11TV;2010;35099
41;T11TV;2010;7856
43;T11TV;2010;12364
44;T11TV;2010;4278
;;;
2;T11TV;2011;611
3;T11TV;2011;53
4;T11TV;2011;5158
5;T11TV;2011;
6;T11TV;2011;14064
7;T11TV;2011;
8;T11TV;2011;3234
9;T11TV;2011;1560
10;T11TV;2011;690
11;T11TV;2011;12393
12;T11TV;2011;15067
13;T11TV;2011;752
14;T11TV;2011;11983
15;T11TV;2011;190848
16;T11TV;2011;86
17;T11TV;2011;78558
18;T11TV;2011;16685
19;T11TV;2011;8655
20;T11TV;2011;442
21;T11TV;2011;10384
22;T11TV;2011;
24;T11TV;2011;
25;T11TV;2011;1963
26;T11TV;2011;
27;T11TV;2011;364
28;T11TV;2011;
29;T11TV;2011;
30;T11TV;2011;21000
31;T11TV;2011;9318
32;T11TV;2011;20997
33;T11TV;2011;19500
34;T11TV;2011;
35;T11TV;2011;50279
36;T11TV;2011;580
37;T11TV;2011;2694
38;T11TV;2011;529
39;T11TV;2011;51799
40;T11TV;2011;34471
41;T11TV;2011;7897
43;T11TV;2011;11073
44;T11TV;2011;4682
;;;
2;T11BU;2007;1428
3;T11BU;2007;
4;T11BU;2007;104860
5;T11BU;2007;
6;T11BU;2007;84451
7;T11BU;2007;
8;T11BU;2007;
9;T11BU;2007;9957
10;T11BU;2007;2642
11;T11BU;2007;54925
12;T11BU;2007;78787
13;T11BU;2007;
14;T11BU;2007;24875
15;T11BU;2007;332762
16;T11BU;2007;
17;T11BU;2007;402931
18;T11BU;2007;37917
19;T11BU;2007;40846
20;T11BU;2007;2277
21;T11BU;2007;23654
22;T11BU;2007;166838
24;T11BU;2007;
25;T11BU;2007;
26;T11BU;2007;
27;T11BU;2007;1179
28;T11BU;2007;
29;T11BU;2007;
30;T11BU;2007;
31;T11BU;2007;
32;T11BU;2007;141606
33;T11BU;2007;44713
34;T11BU;2007;
35;T11BU;2007;
36;T11BU;2007;6249
37;T11BU;2007;17148
38;T11BU;2007;17891
39;T11BU;2007;
40;T11BU;2007;96980
41;T11BU;2007;
43;T11BU;2007;112234
44;T11BU;2007;
;;;
2;T11BU;2008;1483
3;T11BU;2008;
4;T11BU;2008;104296
5;T11BU;2008;
6;T11BU;2008;85330
7;T11BU;2008;
8;T11BU;2008;
9;T11BU;2008;8734
10;T11BU;2008;2587
11;T11BU;2008;53381
12;T11BU;2008;93578
13;T11BU;2008;
14;T11BU;2008;24634
15;T11BU;2008;317951
16;T11BU;2008;
17;T11BU;2008;390367
18;T11BU;2008;44155
19;T11BU;2008;43002
20;T11BU;2008;2731
21;T11BU;2008;24792
22;T11BU;2008;150761
24;T11BU;2008;
25;T11BU;2008;
26;T11BU;2008;
27;T11BU;2008;1450
28;T11BU;2008;
29;T11BU;2008;
30;T11BU;2008;
31;T11BU;2008;
32;T11BU;2008;124066
33;T11BU;2008;53751
34;T11BU;2008;
35;T11BU;2008;
36;T11BU;2008;6884
37;T11BU;2008;15159
38;T11BU;2008;14909
39;T11BU;2008;
40;T11BU;2008;94278
41;T11BU;2008;
43;T11BU;2008;101224
44;T11BU;2008;
;;;
2;T11BU;2009;1744
3;T11BU;2009;
4;T11BU;2009;107407
5;T11BU;2009;
6;T11BU;2009;89172
7;T11BU;2009;
8;T11BU;2009;
9;T11BU;2009;8994
10;T11BU;2009;2504
11;T11BU;2009;54848
12;T11BU;2009;106972
13;T11BU;2009;
14;T11BU;2009;32180
15;T11BU;2009;331733
16;T11BU;2009;
17;T11BU;2009;386647
18;T11BU;2009;47163
19;T11BU;2009;37698
20;T11BU;2009;3524
21;T11BU;2009;26955
22;T11BU;2009;150843
24;T11BU;2009;
25;T11BU;2009;
26;T11BU;2009;
27;T11BU;2009;1352
28;T11BU;2009;
29;T11BU;2009;
30;T11BU;2009;
31;T11BU;2009;
32;T11BU;2009;135383
33;T11BU;2009;49317
34;T11BU;2009;
35;T11BU;2009;
36;T11BU;2009;6656
37;T11BU;2009;15394
38;T11BU;2009;15098
39;T11BU;2009;
40;T11BU;2009;95824
41;T11BU;2009;51758
43;T11BU;2009;
44;T11BU;2009;
;;;
2;T11BU;2010;2178
3;T11BU;2010;
4;T11BU;2010;88508
5;T11BU;2010;
6;T11BU;2010;88806
7;T11BU;2010;
8;T11BU;2010;
9;T11BU;2010;9369
10;T11BU;2010;3232
11;T11BU;2010;58758
12;T11BU;2010;96683
13;T11BU;2010;
14;T11BU;2010;31482
15;T11BU;2010;335753
16;T11BU;2010;
17;T11BU;2010;397341
18;T11BU;2010;51961
19;T11BU;2010;44250
20;T11BU;2010;2866
21;T11BU;2010;25377
22;T11BU;2010;169163
24;T11BU;2010;
25;T11BU;2010;
26;T11BU;2010;
27;T11BU;2010;1660
28;T11BU;2010;
29;T11BU;2010;
30;T11BU;2010;
31;T11BU;2010;
32;T11BU;2010;140085
33;T11BU;2010;50650
34;T11BU;2010;
35;T11BU;2010;
36;T11BU;2010;3721
37;T11BU;2010;14783
38;T11BU;2010;13086
39;T11BU;2010;
40;T11BU;2010;92722
41;T11BU;2010;50210
43;T11BU;2010;127005
44;T11BU;2010;
;;;
2;T11BU;2011;2025
3;T11BU;2011;
4;T11BU;2011;84277
5;T11BU;2011;
6;T11BU;2011;94944
7;T11BU;2011;
8;T11BU;2011;
9;T11BU;2011;9998
10;T11BU;2011;3379
11;T11BU;2011;59672
12;T11BU;2011;91732
13;T11BU;2011;
14;T11BU;2011;32523
15;T11BU;2011;353673
16;T11BU;2011;
17;T11BU;2011;421243
18;T11BU;2011;55649
19;T11BU;2011;45273
20;T11BU;2011;1900
21;T11BU;2011;27606
22;T11BU;2011;
24;T11BU;2011;
25;T11BU;2011;
26;T11BU;2011;
27;T11BU;2011;1684
28;T11BU;2011;
29;T11BU;2011;
30;T11BU;2011;
31;T11BU;2011;
32;T11BU;2011;135611
33;T11BU;2011;52086
34;T11BU;2011;
35;T11BU;2011;
36;T11BU;2011;4213
37;T11BU;2011;12884
38;T11BU;2011;13363
39;T11BU;2011;
40;T11BU;2011;94316
41;T11BU;2011;52735
43;T11BU;2011;41486
44;T11BU;2011;
;;;
2;T11BD;2007;759
3;T11BD;2007;
4;T11BD;2007;20040
5;T11BD;2007;
6;T11BD;2007;56365
7;T11BD;2007;
8;T11BD;2007;
9;T11BD;2007;3864
10;T11BD;2007;
11;T11BD;2007;9163
12;T11BD;2007;45166
13;T11BD;2007;3096
14;T11BD;2007;6532
15;T11BD;2007;178285
16;T11BD;2007;2684
17;T11BD;2007;180552
18;T11BD;2007;
19;T11BD;2007;14875
20;T11BD;2007;551
21;T11BD;2007;
22;T11BD;2007;
24;T11BD;2007;
25;T11BD;2007;5516
26;T11BD;2007;
27;T11BD;2007;735
28;T11BD;2007;
29;T11BD;2007;
30;T11BD;2007;89415
31;T11BD;2007;3242
32;T11BD;2007;48578
33;T11BD;2007;22343
34;T11BD;2007;
35;T11BD;2007;532289
36;T11BD;2007;4523
37;T11BD;2007;2437
38;T11BD;2007;2282
39;T11BD;2007;73721
40;T11BD;2007;16936
41;T11BD;2007;
43;T11BD;2007;69536
44;T11BD;2007;29939
;;;
2;T11BD;2008;697
3;T11BD;2008;
4;T11BD;2008;18648
5;T11BD;2008;
6;T11BD;2008;57627
7;T11BD;2008;
8;T11BD;2008;
9;T11BD;2008;3440
10;T11BD;2008;
11;T11BD;2008;9111
12;T11BD;2008;54719
13;T11BD;2008;3321
14;T11BD;2008;5978
15;T11BD;2008;173048
16;T11BD;2008;2347
17;T11BD;2008;178438
18;T11BD;2008;
19;T11BD;2008;16456
20;T11BD;2008;564
21;T11BD;2008;
22;T11BD;2008;
24;T11BD;2008;
25;T11BD;2008;6076
26;T11BD;2008;
27;T11BD;2008;788
28;T11BD;2008;
29;T11BD;2008;
30;T11BD;2008;91245
31;T11BD;2008;3362
32;T11BD;2008;40670
33;T11BD;2008;29663
34;T11BD;2008;
35;T11BD;2008;413244
36;T11BD;2008;4410
37;T11BD;2008;2118
38;T11BD;2008;2031
39;T11BD;2008;81949
40;T11BD;2008;18176
41;T11BD;2008;
43;T11BD;2008;65553
44;T11BD;2008;25293
;;;
2;T11BD;2009;757
3;T11BD;2009;
4;T11BD;2009;21248
5;T11BD;2009;
6;T11BD;2009;63288
7;T11BD;2009;
8;T11BD;2009;
9;T11BD;2009;3490
10;T11BD;2009;
11;T11BD;2009;9616
12;T11BD;2009;61782
13;T11BD;2009;3027
14;T11BD;2009;6497
15;T11BD;2009;186619
16;T11BD;2009;1860
17;T11BD;2009;185406
18;T11BD;2009;
19;T11BD;2009;16201
20;T11BD;2009;769
21;T11BD;2009;
22;T11BD;2009;
24;T11BD;2009;
25;T11BD;2009;5799
26;T11BD;2009;
27;T11BD;2009;812
28;T11BD;2009;
29;T11BD;2009;
30;T11BD;2009;94580
31;T11BD;2009;3345
32;T11BD;2009;42066
33;T11BD;2009;26045
34;T11BD;2009;
35;T11BD;2009;381211
36;T11BD;2009;4031
37;T11BD;2009;2330
38;T11BD;2009;2216
39;T11BD;2009;80756
40;T11BD;2009;20463
41;T11BD;2009;25393
43;T11BD;2009;
44;T11BD;2009;34000
;;;
2;T11BD;2010;957
3;T11BD;2010;
4;T11BD;2010;15747
5;T11BD;2010;
6;T11BD;2010;62358
7;T11BD;2010;
8;T11BD;2010;
9;T11BD;2010;4033
10;T11BD;2010;2074
11;T11BD;2010;10091
12;T11BD;2010;57355
13;T11BD;2010;3196
14;T11BD;2010;6453
15;T11BD;2010;194488
16;T11BD;2010;1552
17;T11BD;2010;197649
18;T11BD;2010;
19;T11BD;2010;19866
20;T11BD;2010;687
21;T11BD;2010;
22;T11BD;2010;
24;T11BD;2010;
25;T11BD;2010;4905
26;T11BD;2010;
27;T11BD;2010;890
28;T11BD;2010;
29;T11BD;2010;
30;T11BD;2010;102800
31;T11BD;2010;3357
32;T11BD;2010;48309
33;T11BD;2010;26653
34;T11BD;2010;
35;T11BD;2010;356373
36;T11BD;2010;5114
37;T11BD;2010;1876
38;T11BD;2010;2540
39;T11BD;2010;90350
40;T11BD;2010;19774
41;T11BD;2010;24119
43;T11BD;2010;85349
44;T11BD;2010;32781
;;;
2;T11BD;2011;979
3;T11BD;2011;
4;T11BD;2011;21160
5;T11BD;2011;
6;T11BD;2011;68695
7;T11BD;2011;
8;T11BD;2011;
9;T11BD;2011;4536
10;T11BD;2011;1961
11;T11BD;2011;9568
12;T11BD;2011;58271
13;T11BD;2011;2792
14;T11BD;2011;6672
15;T11BD;2011;224798
16;T11BD;2011;1381
17;T11BD;2011;215711
18;T11BD;2011;
19;T11BD;2011;21072
20;T11BD;2011;464
21;T11BD;2011;
22;T11BD;2011;
24;T11BD;2011;
25;T11BD;2011;4081
26;T11BD;2011;
27;T11BD;2011;952
28;T11BD;2011;
29;T11BD;2011;
30;T11BD;2011;108720
31;T11BD;2011;2868
32;T11BD;2011;51892
33;T11BD;2011;28307
34;T11BD;2011;
35;T11BD;2011;314243
36;T11BD;2011;5741
37;T11BD;2011;1714
38;T11BD;2011;2462
39;T11BD;2011;100780
40;T11BD;2011;22214
41;T11BD;2011;27441
43;T11BD;2011;
44;T11BD;2011;24930
;;;
2;T11FR;2007;236
3;T11FR;2007;432
4;T11FR;2007;30728
5;T11FR;2007;
6;T11FR;2007;28127
7;T11FR;2007;
8;T11FR;2007;4826
9;T11FR;2007;2376
10;T11FR;2007;169
11;T11FR;2007;10010
12;T11FR;2007;4619
13;T11FR;2007;2481
14;T11FR;2007;13632
15;T11FR;2007;180292
16;T11FR;2007;2222
17;T11FR;2007;654751
18;T11FR;2007;1023
19;T11FR;2007;41250
20;T11FR;2007;345
21;T11FR;2007;5889
22;T11FR;2007;120710
24;T11FR;2007;
25;T11FR;2007;3147
26;T11FR;2007;
27;T11FR;2007;
28;T11FR;2007;
29;T11FR;2007;
30;T11FR;2007;21995
31;T11FR;2007;12155
32;T11FR;2007;81877
33;T11FR;2007;6014
34;T11FR;2007;
35;T11FR;2007;211227
36;T11FR;2007;3770
37;T11FR;2007;7556
38;T11FR;2007;4499
39;T11FR;2007;29322
40;T11FR;2007;77671
41;T11FR;2007;
43;T11FR;2007;
44;T11FR;2007;21487
;;;
2;T11FR;2008;429
3;T11FR;2008;406
4;T11FR;2008;24625
5;T11FR;2008;
6;T11FR;2008;23227
7;T11FR;2008;
8;T11FR;2008;4098
9;T11FR;2008;1883
10;T11FR;2008;177
11;T11FR;2008;9585
12;T11FR;2008;4489
13;T11FR;2008;2222
14;T11FR;2008;16052
15;T11FR;2008;217982
16;T11FR;2008;1844
17;T11FR;2008;640004
18;T11FR;2008;1386
19;T11FR;2008;30194
20;T11FR;2008;521
21;T11FR;2008;5413
22;T11FR;2008;104174
24;T11FR;2008;
25;T11FR;2008;3053
26;T11FR;2008;
27;T11FR;2008;
28;T11FR;2008;
29;T11FR;2008;
30;T11FR;2008;21975
31;T11FR;2008;12043
32;T11FR;2008;83285
33;T11FR;2008;6393
34;T11FR;2008;
35;T11FR;2008;192490
36;T11FR;2008;4290
37;T11FR;2008;6898
38;T11FR;2008;3648
39;T11FR;2008;34273
40;T11FR;2008;98183
41;T11FR;2008;
43;T11FR;2008;440
44;T11FR;2008;20353
;;;
2;T11FR;2009;288
3;T11FR;2009;791
4;T11FR;2009;35344
5;T11FR;2009;
6;T11FR;2009;22855
7;T11FR;2009;
8;T11FR;2009;4573
9;T11FR;2009;2359
10;T11FR;2009;180
11;T11FR;2009;9811
12;T11FR;2009;4769
13;T11FR;2009;2097
14;T11FR;2009;17422
15;T11FR;2009;220027
16;T11FR;2009;1791
17;T11FR;2009;683293
18;T11FR;2009;1233
19;T11FR;2009;29555
20;T11FR;2009;408
21;T11FR;2009;4933
22;T11FR;2009;99366
24;T11FR;2009;
25;T11FR;2009;4536
26;T11FR;2009;
27;T11FR;2009;
28;T11FR;2009;
29;T11FR;2009;
30;T11FR;2009;24745
31;T11FR;2009;14916
32;T11FR;2009;87458
33;T11FR;2009;6397
34;T11FR;2009;
35;T11FR;2009;188723
36;T11FR;2009;4336
37;T11FR;2009;7083
38;T11FR;2009;3991
39;T11FR;2009;41400
40;T11FR;2009;108175
41;T11FR;2009;13073
43;T11FR;2009;
44;T11FR;2009;23219
;;;
2;T11FR;2010;362
3;T11FR;2010;809
4;T11FR;2010;26751
5;T11FR;2010;
6;T11FR;2010;22262
7;T11FR;2010;
8;T11FR;2010;3884
9;T11FR;2010;1998
10;T11FR;2010;254
11;T11FR;2010;9369
12;T11FR;2010;6474
13;T11FR;2010;2021
14;T11FR;2010;15860
15;T11FR;2010;207637
16;T11FR;2010;1326
17;T11FR;2010;679223
18;T11FR;2010;1575
19;T11FR;2010;32137
20;T11FR;2010;367
21;T11FR;2010;4953
22;T11FR;2010;96442
24;T11FR;2010;
25;T11FR;2010;4396
26;T11FR;2010;
27;T11FR;2010;
28;T11FR;2010;
29;T11FR;2010;
30;T11FR;2010;25095
31;T11FR;2010;12599
32;T11FR;2010;97919
33;T11FR;2010;6654
34;T11FR;2010;
35;T11FR;2010;160081
36;T11FR;2010;4131
37;T11FR;2010;5907
38;T11FR;2010;4376
39;T11FR;2010;41676
40;T11FR;2010;114360
41;T11FR;2010;14793
43;T11FR;2010;3641
44;T11FR;2010;24879
;;;
2;T11FR;2011;337
3;T11FR;2011;737
4;T11FR;2011;28807
5;T11FR;2011;
6;T11FR;2011;20921
7;T11FR;2011;
8;T11FR;2011;2518
9;T11FR;2011;2339
10;T11FR;2011;196
11;T11FR;2011;9063
12;T11FR;2011;9344
13;T11FR;2011;1155
14;T11FR;2011;17794
15;T11FR;2011;203819
16;T11FR;2011;1785
17;T11FR;2011;633303
18;T11FR;2011;1919
19;T11FR;2011;27906
20;T11FR;2011;425
21;T11FR;2011;5343
22;T11FR;2011;
24;T11FR;2011;
25;T11FR;2011;5479
26;T11FR;2011;
27;T11FR;2011;
28;T11FR;2011;
29;T11FR;2011;
30;T11FR;2011;21680
31;T11FR;2011;11818
32;T11FR;2011;99613
33;T11FR;2011;6551
34;T11FR;2011;
35;T11FR;2011;147468
36;T11FR;2011;3609
37;T11FR;2011;5972
38;T11FR;2011;3313
39;T11FR;2011;47828
40;T11FR;2011;114768
41;T11FR;2011;11354
43;T11FR;2011;2900
44;T11FR;2011;24058
;;;
2;T11CO;2007;119
3;T11CO;2007;33
4;T11CO;2007;120
5;T11CO;2007;
6;T11CO;2007;80
7;T11CO;2007;
8;T11CO;2007;121
9;T11CO;2007;80
10;T11CO;2007;7
11;T11CO;2007;103
12;T11CO;2007;9
13;T11CO;2007;109
14;T11CO;2007;8
15;T11CO;2007;
16;T11CO;2007;
17;T11CO;2007;2324
18;T11CO;2007;75
19;T11CO;2007;350
20;T11CO;2007;1
21;T11CO;2007;3
22;T11CO;2007;
24;T11CO;2007;
25;T11CO;2007;452
26;T11CO;2007;
27;T11CO;2007;
28;T11CO;2007;
29;T11CO;2007;
30;T11CO;2007;
31;T11CO;2007;
32;T11CO;2007;6350
33;T11CO;2007;122
34;T11CO;2007;
35;T11CO;2007;1154
36;T11CO;2007;426
37;T11CO;2007;211
38;T11CO;2007;17
39;T11CO;2007;886
40;T11CO;2007;
41;T11CO;2007;
43;T11CO;2007;
44;T11CO;2007;4428
;;;
2;T11CO;2008;69
3;T11CO;2008;132
4;T11CO;2008;201
5;T11CO;2008;
6;T11CO;2008;93
7;T11CO;2008;
8;T11CO;2008;112
9;T11CO;2008;171
10;T11CO;2008;7
11;T11CO;2008;150
12;T11CO;2008;2
13;T11CO;2008;224
14;T11CO;2008;2
15;T11CO;2008;
16;T11CO;2008;
17;T11CO;2008;1762
18;T11CO;2008;161
19;T11CO;2008;541
20;T11CO;2008;0
21;T11CO;2008;4
22;T11CO;2008;
24;T11CO;2008;
25;T11CO;2008;378
26;T11CO;2008;
27;T11CO;2008;
28;T11CO;2008;
29;T11CO;2008;
30;T11CO;2008;
31;T11CO;2008;
32;T11CO;2008;6161
33;T11CO;2008;103
34;T11CO;2008;
35;T11CO;2008;9953
36;T11CO;2008;244
37;T11CO;2008;260
38;T11CO;2008;11
39;T11CO;2008;625
40;T11CO;2008;
41;T11CO;2008;
43;T11CO;2008;
44;T11CO;2008;2297
;;;
2;T11CO;2009;52
3;T11CO;2009;135
4;T11CO;2009;635
5;T11CO;2009;
6;T11CO;2009;95
7;T11CO;2009;
8;T11CO;2009;155
9;T11CO;2009;176
10;T11CO;2009;16
11;T11CO;2009;121
12;T11CO;2009;13
13;T11CO;2009;106
14;T11CO;2009;7
15;T11CO;2009;
16;T11CO;2009;
17;T11CO;2009;1493
18;T11CO;2009;185
19;T11CO;2009;963
20;T11CO;2009;1
21;T11CO;2009;3
22;T11CO;2009;
24;T11CO;2009;
25;T11CO;2009;506
26;T11CO;2009;
27;T11CO;2009;
28;T11CO;2009;
29;T11CO;2009;
30;T11CO;2009;
31;T11CO;2009;
32;T11CO;2009;6095
33;T11CO;2009;62
34;T11CO;2009;
35;T11CO;2009;8492
36;T11CO;2009;388
37;T11CO;2009;231
38;T11CO;2009;228
39;T11CO;2009;530
40;T11CO;2009;323
41;T11CO;2009;24
43;T11CO;2009;
44;T11CO;2009;2102
;;;
2;T11CO;2010;79
3;T11CO;2010;122
4;T11CO;2010;482
5;T11CO;2010;
6;T11CO;2010;73
7;T11CO;2010;
8;T11CO;2010;150
9;T11CO;2010;191
10;T11CO;2010;9
11;T11CO;2010;181
12;T11CO;2010;7
13;T11CO;2010;129
14;T11CO;2010;19
15;T11CO;2010;
16;T11CO;2010;
17;T11CO;2010;1349
18;T11CO;2010;140
19;T11CO;2010;481
20;T11CO;2010;0
21;T11CO;2010;2
22;T11CO;2010;
24;T11CO;2010;
25;T11CO;2010;554
26;T11CO;2010;
27;T11CO;2010;
28;T11CO;2010;
29;T11CO;2010;
30;T11CO;2010;
31;T11CO;2010;
32;T11CO;2010;8475
33;T11CO;2010;51
34;T11CO;2010;
35;T11CO;2010;6575
36;T11CO;2010;576
37;T11CO;2010;148
38;T11CO;2010;59
39;T11CO;2010;540
40;T11CO;2010;181
41;T11CO;2010;21
43;T11CO;2010;160
44;T11CO;2010;2914
;;;
2;T11CO;2011;64
3;T11CO;2011;126
4;T11CO;2011;683
5;T11CO;2011;
6;T11CO;2011;79
7;T11CO;2011;
8;T11CO;2011;154
9;T11CO;2011;301
10;T11CO;2011;9
11;T11CO;2011;267
12;T11CO;2011;7
13;T11CO;2011;108
14;T11CO;2011;
15;T11CO;2011;
16;T11CO;2011;
17;T11CO;2011;1110
18;T11CO;2011;114
19;T11CO;2011;738
20;T11CO;2011;0
21;T11CO;2011;6
22;T11CO;2011;
24;T11CO;2011;
25;T11CO;2011;533
26;T11CO;2011;
27;T11CO;2011;
28;T11CO;2011;
29;T11CO;2011;
30;T11CO;2011;
31;T11CO;2011;
32;T11CO;2011;8912
33;T11CO;2011;65
34;T11CO;2011;
35;T11CO;2011;5915
36;T11CO;2011;407
37;T11CO;2011;199
38;T11CO;2011;69
39;T11CO;2011;468
40;T11CO;2011;126
41;T11CO;2011;20
43;T11CO;2011;156
44;T11CO;2011;2875
;;;
2;T11ML;2007;0
3;T11ML;2007;0
4;T11ML;2007;229
5;T11ML;2007;
6;T11ML;2007;715
7;T11ML;2007;
8;T11ML;2007;
9;T11ML;2007;19
10;T11ML;2007;536
11;T11ML;2007;32
12;T11ML;2007;
13;T11ML;2007;49
14;T11ML;2007;64
15;T11ML;2007;
16;T11ML;2007;
17;T11ML;2007;3923
18;T11ML;2007;
19;T11ML;2007;1
20;T11ML;2007;4
21;T11ML;2007;10
22;T11ML;2007;1209
24;T11ML;2007;
25;T11ML;2007;6
26;T11ML;2007;
27;T11ML;2007;
28;T11ML;2007;
29;T11ML;2007;
30;T11ML;2007;10
31;T11ML;2007;
32;T11ML;2007;255
33;T11ML;2007;26
34;T11ML;2007;
35;T11ML;2007;
36;T11ML;2007;37
37;T11ML;2007;58
38;T11ML;2007;3
39;T11ML;2007;112
40;T11ML;2007;
41;T11ML;2007;
43;T11ML;2007;
44;T11ML;2007;363
;;;
2;T11ML;2008;183
3;T11ML;2008;0
4;T11ML;2008;274
5;T11ML;2008;
6;T11ML;2008;746
7;T11ML;2008;
8;T11ML;2008;
9;T11ML;2008;14
10;T11ML;2008;583
11;T11ML;2008;37
12;T11ML;2008;
13;T11ML;2008;128
14;T11ML;2008;77
15;T11ML;2008;
16;T11ML;2008;
17;T11ML;2008;2582
18;T11ML;2008;
19;T11ML;2008;0
20;T11ML;2008;5
21;T11ML;2008;6
22;T11ML;2008;1253
24;T11ML;2008;
25;T11ML;2008;10
26;T11ML;2008;
27;T11ML;2008;
28;T11ML;2008;
29;T11ML;2008;
30;T11ML;2008;5
31;T11ML;2008;
32;T11ML;2008;251
33;T11ML;2008;39
34;T11ML;2008;
35;T11ML;2008;
36;T11ML;2008;47
37;T11ML;2008;60
38;T11ML;2008;16
39;T11ML;2008;106
40;T11ML;2008;173
41;T11ML;2008;
43;T11ML;2008;
44;T11ML;2008;382
;;;
2;T11ML;2009;159
3;T11ML;2009;0
4;T11ML;2009;254
5;T11ML;2009;
6;T11ML;2009;710
7;T11ML;2009;
8;T11ML;2009;
9;T11ML;2009;9
10;T11ML;2009;852
11;T11ML;2009;59
12;T11ML;2009;
13;T11ML;2009;134
14;T11ML;2009;61
15;T11ML;2009;
16;T11ML;2009;
17;T11ML;2009;4566
18;T11ML;2009;
19;T11ML;2009;21
20;T11ML;2009;3
21;T11ML;2009;19
22;T11ML;2009;1269
24;T11ML;2009;
25;T11ML;2009;13
26;T11ML;2009;
27;T11ML;2009;
28;T11ML;2009;
29;T11ML;2009;
30;T11ML;2009;195
31;T11ML;2009;
32;T11ML;2009;276
33;T11ML;2009;33
34;T11ML;2009;
35;T11ML;2009;
36;T11ML;2009;36
37;T11ML;2009;93
38;T11ML;2009;39
39;T11ML;2009;116
40;T11ML;2009;319
41;T11ML;2009;269
43;T11ML;2009;
44;T11ML;2009;342
;;;
2;T11ML;2010;56
3;T11ML;2010;
4;T11ML;2010;582
5;T11ML;2010;
6;T11ML;2010;712
7;T11ML;2010;
8;T11ML;2010;
9;T11ML;2010;15
10;T11ML;2010;989
11;T11ML;2010;176
12;T11ML;2010;
13;T11ML;2010;64
14;T11ML;2010;105
15;T11ML;2010;
16;T11ML;2010;
17;T11ML;2010;6764
18;T11ML;2010;
19;T11ML;2010;9
20;T11ML;2010;9
21;T11ML;2010;16
22;T11ML;2010;1344
24;T11ML;2010;
25;T11ML;2010;37
26;T11ML;2010;
27;T11ML;2010;
28;T11ML;2010;
29;T11ML;2010;
30;T11ML;2010;300
31;T11ML;2010;
32;T11ML;2010;298
33;T11ML;2010;13
34;T11ML;2010;
35;T11ML;2010;
36;T11ML;2010;100
37;T11ML;2010;120
38;T11ML;2010;64
39;T11ML;2010;177
40;T11ML;2010;364
41;T11ML;2010;360
43;T11ML;2010;
44;T11ML;2010;336
;;;
2;T11ML;2011;86
3;T11ML;2011;
4;T11ML;2011;537
5;T11ML;2011;
6;T11ML;2011;710
7;T11ML;2011;
8;T11ML;2011;
9;T11ML;2011;29
10;T11ML;2011;1069
11;T11ML;2011;254
12;T11ML;2011;
13;T11ML;2011;80
14;T11ML;2011;106
15;T11ML;2011;
16;T11ML;2011;
17;T11ML;2011;8569
18;T11ML;2011;
19;T11ML;2011;10
20;T11ML;2011;5
21;T11ML;2011;17
22;T11ML;2011;
24;T11ML;2011;
25;T11ML;2011;34
26;T11ML;2011;
27;T11ML;2011;
28;T11ML;2011;
29;T11ML;2011;
30;T11ML;2011;435
31;T11ML;2011;
32;T11ML;2011;275
33;T11ML;2011;9
34;T11ML;2011;
35;T11ML;2011;
36;T11ML;2011;194
37;T11ML;2011;139
38;T11ML;2011;48
39;T11ML;2011;171
40;T11ML;2011;507
41;T11ML;2011;290
43;T11ML;2011;
44;T11ML;2011;344
;;;
2;T11DR;2007;504
3;T11DR;2007;1084
4;T11DR;2007;24166
5;T11DR;2007;
6;T11DR;2007;44597
7;T11DR;2007;
8;T11DR;2007;2037
9;T11DR;2007;7264
10;T11DR;2007;878
11;T11DR;2007;2865
12;T11DR;2007;17665
13;T11DR;2007;7440
14;T11DR;2007;15448
15;T11DR;2007;161689
16;T11DR;2007;8493
17;T11DR;2007;248355
18;T11DR;2007;7959
19;T11DR;2007;4672
20;T11DR;2007;1847
21;T11DR;2007;18547
22;T11DR;2007;34439
24;T11DR;2007;
25;T11DR;2007;1715
26;T11DR;2007;
27;T11DR;2007;
28;T11DR;2007;
29;T11DR;2007;
30;T11DR;2007;19560
31;T11DR;2007;40113
32;T11DR;2007;63007
33;T11DR;2007;4083
34;T11DR;2007;
35;T11DR;2007;231218
36;T11DR;2007;5531
37;T11DR;2007;2159
38;T11DR;2007;1612
39;T11DR;2007;12574
40;T11DR;2007;72819
41;T11DR;2007;
43;T11DR;2007;
44;T11DR;2007;63859
;;;
2;T11DR;2008;653
3;T11DR;2008;763
4;T11DR;2008;19080
5;T11DR;2008;
6;T11DR;2008;46206
7;T11DR;2008;
8;T11DR;2008;2856
9;T11DR;2008;7345
10;T11DR;2008;781
11;T11DR;2008;3041
12;T11DR;2008;18993
13;T11DR;2008;7671
14;T11DR;2008;15482
15;T11DR;2008;184184
16;T11DR;2008;8699
17;T11DR;2008;239951
18;T11DR;2008;9868
19;T11DR;2008;5458
20;T11DR;2008;1590
21;T11DR;2008;23381
22;T11DR;2008;34082
24;T11DR;2008;
25;T11DR;2008;1826
26;T11DR;2008;
27;T11DR;2008;
28;T11DR;2008;
29;T11DR;2008;
30;T11DR;2008;18875
31;T11DR;2008;36738
32;T11DR;2008;57382
33;T11DR;2008;4489
34;T11DR;2008;
35;T11DR;2008;232613
36;T11DR;2008;6187
37;T11DR;2008;2285
38;T11DR;2008;1681
39;T11DR;2008;12800
40;T11DR;2008;79795
41;T11DR;2008;
43;T11DR;2008;
44;T11DR;2008;63688
;;;
2;T11DR;2009;647
3;T11DR;2009;1237
4;T11DR;2009;22729
5;T11DR;2009;
6;T11DR;2009;47798
7;T11DR;2009;
8;T11DR;2009;3661
9;T11DR;2009;6518
10;T11DR;2009;706
11;T11DR;2009;3069
12;T11DR;2009;17764
13;T11DR;2009;4241
14;T11DR;2009;18524
15;T11DR;2009;180094
16;T11DR;2009;6336
17;T11DR;2009;235842
18;T11DR;2009;10339
19;T11DR;2009;4801
20;T11DR;2009;1327
21;T11DR;2009;21945
22;T11DR;2009;34101
24;T11DR;2009;
25;T11DR;2009;2179
26;T11DR;2009;
27;T11DR;2009;
28;T11DR;2009;
29;T11DR;2009;
30;T11DR;2009;18580
31;T11DR;2009;38515
32;T11DR;2009;68288
33;T11DR;2009;5395
34;T11DR;2009;
35;T11DR;2009;238523
36;T11DR;2009;5665
37;T11DR;2009;2459
38;T11DR;2009;2330
39;T11DR;2009;12852
40;T11DR;2009;82008
41;T11DR;2009;85742
43;T11DR;2009;
44;T11DR;2009;57680
;;;
2;T11DR;2010;526
3;T11DR;2010;1524
4;T11DR;2010;23853
5;T11DR;2010;
6;T11DR;2010;42201
7;T11DR;2010;
8;T11DR;2010;3762
9;T11DR;2010;7162
10;T11DR;2010;851
11;T11DR;2010;3179
12;T11DR;2010;18161
13;T11DR;2010;3041
14;T11DR;2010;19724
15;T11DR;2010;177949
16;T11DR;2010;5465
17;T11DR;2010;231007
18;T11DR;2010;8688
19;T11DR;2010;5789
20;T11DR;2010;1537
21;T11DR;2010;19943
22;T11DR;2010;32761
24;T11DR;2010;
25;T11DR;2010;2181
26;T11DR;2010;
27;T11DR;2010;
28;T11DR;2010;
29;T11DR;2010;
30;T11DR;2010;17325
31;T11DR;2010;44741
32;T11DR;2010;72375
33;T11DR;2010;5976
34;T11DR;2010;
35;T11DR;2010;222564
36;T11DR;2010;5761
37;T11DR;2010;1762
38;T11DR;2010;1969
39;T11DR;2010;12948
40;T11DR;2010;90070
41;T11DR;2010;89173
43;T11DR;2010;
44;T11DR;2010;56931
;;;
2;T11DR;2011;740
3;T11DR;2011;1525
4;T11DR;2011;25892
5;T11DR;2011;
6;T11DR;2011;41959
7;T11DR;2011;
8;T11DR;2011;2855
9;T11DR;2011;7203
10;T11DR;2011;940
11;T11DR;2011;3834
12;T11DR;2011;21422
13;T11DR;2011;3821
14;T11DR;2011;20394
15;T11DR;2011;190266
16;T11DR;2011;3776
17;T11DR;2011;236478
18;T11DR;2011;7516
19;T11DR;2011;5989
20;T11DR;2011;1819
21;T11DR;2011;17700
22;T11DR;2011;
24;T11DR;2011;
25;T11DR;2011;2214
26;T11DR;2011;
27;T11DR;2011;
28;T11DR;2011;
29;T11DR;2011;
30;T11DR;2011;16780
31;T11DR;2011;42101
32;T11DR;2011;74535
33;T11DR;2011;5605
34;T11DR;2011;
35;T11DR;2011;215214
36;T11DR;2011;5088
37;T11DR;2011;2422
38;T11DR;2011;1688
39;T11DR;2011;15220
40;T11DR;2011;91997
41;T11DR;2011;91211
43;T11DR;2011;
44;T11DR;2011;53239
;;;
2;T11DT;2007;504
3;T11DT;2007;235
4;T11DT;2007;
5;T11DT;2007;
6;T11DT;2007;12563
7;T11DT;2007;
8;T11DT;2007;
9;T11DT;2007;1596
10;T11DT;2007;177
11;T11DT;2007;2216
12;T11DT;2007;3253
13;T11DT;2007;1449
14;T11DT;2007;5115
15;T11DT;2007;6074
16;T11DT;2007;
17;T11DT;2007;73639
18;T11DT;2007;
19;T11DT;2007;862
20;T11DT;2007;104
21;T11DT;2007;4543
22;T11DT;2007;
24;T11DT;2007;
25;T11DT;2007;736
26;T11DT;2007;
27;T11DT;2007;149
28;T11DT;2007;
29;T11DT;2007;
30;T11DT;2007;
31;T11DT;2007;
32;T11DT;2007;3926
33;T11DT;2007;3281
34;T11DT;2007;
35;T11DT;2007;
36;T11DT;2007;1895
37;T11DT;2007;503
38;T11DT;2007;1429
39;T11DT;2007;
40;T11DT;2007;7253
41;T11DT;2007;
43;T11DT;2007;
44;T11DT;2007;17140
;;;
2;T11DT;2008;653
3;T11DT;2008;284
4;T11DT;2008;
5;T11DT;2008;
6;T11DT;2008;12977
7;T11DT;2008;
8;T11DT;2008;
9;T11DT;2008;2267
10;T11DT;2008;187
11;T11DT;2008;2364
12;T11DT;2008;3232
13;T11DT;2008;1558
14;T11DT;2008;5659
15;T11DT;2008;6425
16;T11DT;2008;
17;T11DT;2008;66688
18;T11DT;2008;
19;T11DT;2008;794
20;T11DT;2008;104
21;T11DT;2008;5305
22;T11DT;2008;
24;T11DT;2008;
25;T11DT;2008;761
26;T11DT;2008;
27;T11DT;2008;180
28;T11DT;2008;
29;T11DT;2008;
30;T11DT;2008;
31;T11DT;2008;
32;T11DT;2008;3317
33;T11DT;2008;3729
34;T11DT;2008;
35;T11DT;2008;
36;T11DT;2008;2317
37;T11DT;2008;538
38;T11DT;2008;1434
39;T11DT;2008;
40;T11DT;2008;8462
41;T11DT;2008;
43;T11DT;2008;
44;T11DT;2008;16965
;;;
2;T11DT;2009;647
3;T11DT;2009;539
4;T11DT;2009;
5;T11DT;2009;
6;T11DT;2009;13435
7;T11DT;2009;
8;T11DT;2009;
9;T11DT;2009;1758
10;T11DT;2009;153
11;T11DT;2009;2443
12;T11DT;2009;2842
13;T11DT;2009;1042
14;T11DT;2009;7267
15;T11DT;2009;6342
16;T11DT;2009;
17;T11DT;2009;62702
18;T11DT;2009;
19;T11DT;2009;715
20;T11DT;2009;101
21;T11DT;2009;5149
22;T11DT;2009;
24;T11DT;2009;
25;T11DT;2009;847
26;T11DT;2009;
27;T11DT;2009;187
28;T11DT;2009;
29;T11DT;2009;
30;T11DT;2009;
31;T11DT;2009;
32;T11DT;2009;3975
33;T11DT;2009;4267
34;T11DT;2009;
35;T11DT;2009;
36;T11DT;2009;2300
37;T11DT;2009;613
38;T11DT;2009;2095
39;T11DT;2009;
40;T11DT;2009;8729
41;T11DT;2009;7674
43;T11DT;2009;
44;T11DT;2009;16672
;;;
2;T11DT;2010;526
3;T11DT;2010;791
4;T11DT;2010;
5;T11DT;2010;
6;T11DT;2010;12618
7;T11DT;2010;
8;T11DT;2010;
9;T11DT;2010;1924
10;T11DT;2010;163
11;T11DT;2010;2516
12;T11DT;2010;3281
13;T11DT;2010;901
14;T11DT;2010;7566
15;T11DT;2010;6171
16;T11DT;2010;
17;T11DT;2010;61485
18;T11DT;2010;
19;T11DT;2010;795
20;T11DT;2010;95
21;T11DT;2010;5462
22;T11DT;2010;
24;T11DT;2010;
25;T11DT;2010;837
26;T11DT;2010;
27;T11DT;2010;181
28;T11DT;2010;
29;T11DT;2010;
30;T11DT;2010;
31;T11DT;2010;
32;T11DT;2010;4668
33;T11DT;2010;4555
34;T11DT;2010;
35;T11DT;2010;
36;T11DT;2010;2165
37;T11DT;2010;584
38;T11DT;2010;1756
39;T11DT;2010;
40;T11DT;2010;10936
41;T11DT;2010;7682
43;T11DT;2010;
44;T11DT;2010;16955
;;;
2;T11DT;2011;740
3;T11DT;2011;754
4;T11DT;2011;
5;T11DT;2011;
6;T11DT;2011;
7;T11DT;2011;
8;T11DT;2011;
9;T11DT;2011;1827
10;T11DT;2011;129
11;T11DT;2011;3097
12;T11DT;2011;3576
13;T11DT;2011;913
14;T11DT;2011;8301
15;T11DT;2011;6240
16;T11DT;2011;
17;T11DT;2011;62335
18;T11DT;2011;
19;T11DT;2011;721
20;T11DT;2011;83
21;T11DT;2011;5022
22;T11DT;2011;
24;T11DT;2011;
25;T11DT;2011;929
26;T11DT;2011;
27;T11DT;2011;178
28;T11DT;2011;
29;T11DT;2011;
30;T11DT;2011;
31;T11DT;2011;
32;T11DT;2011;4350
33;T11DT;2011;4214
34;T11DT;2011;
35;T11DT;2011;
36;T11DT;2011;1810
37;T11DT;2011;846
38;T11DT;2011;1505
39;T11DT;2011;
40;T11DT;2011;11078
41;T11DT;2011;6293
43;T11DT;2011;
44;T11DT;2011;16318
